"deviceid","imei","devicetime","servertime","retardo","lat","lon","satelites","ignicion","bateria","alimentacion","operador","cellId","rssi_celular"
1077,351580051706832,1634848859,1634848864,5,-32.8949700,-71.2383600,17,0,9.964,28.130,73002,2441897,5
1077,351580051706832,1634848862,1634848871,9,-32.8947933,-71.2382783,17,0,9.966,28.114,73002,2441897,5
1077,351580051706832,1634848864,1634848871,7,-32.8946466,-71.2382116,17,0,9.959,28.122,73002,2441897,5
1077,351580051706832,1634848869,1634848876,7,-32.8942350,-71.2380366,17,0,9.962,28.147,73002,2441897,5
1077,351580051706832,1634848887,1634848895,8,-32.8924499,-71.2373950,17,0,9.968,28.141,73002,2441897,5
1077,351580051706832,1634848893,1634848900,7,-32.8918883,-71.2374133,17,0,9.965,28.143,73002,2441897,5
1077,351580051706832,1634848902,1634848912,10,-32.8910516,-71.2377916,17,0,9.965,28.133,73002,2441897,5
1077,351580051706832,1634848904,1634848912,8,-32.8909116,-71.2378583,17,0,9.967,28.139,73002,2441897,5
1077,351580051706832,1634848906,1634848912,6,-32.8908033,-71.2379116,17,0,9.964,27.851,73002,2441897,5
1077,351580051706832,1634848907,1634848912,5,-32.8907683,-71.2379300,17,0,9.964,28.036,73002,2441897,5
1077,351580051706832,1634848908,1634848912,4,-32.8907500,-71.2379416,17,0,9.970,27.996,73002,2441897,5
1077,351580051706832,1634848909,1634848917,8,-32.8907416,-71.2379450,17,0,9.965,27.979,73002,2441897,5
1077,351580051706832,1634848913,1634848917,4,-32.8907049,-71.2379650,17,0,9.964,28.119,73002,2441897,5
1077,351580051706832,1634848916,1634848922,6,-32.8906033,-71.2380100,17,0,9.971,28.111,73002,2441897,5
1077,351580051706832,1634848920,1634848928,8,-32.8904033,-71.2380900,17,0,9.965,28.165,73002,2441897,5
1077,351580051706832,1634848922,1634848928,6,-32.8902750,-71.2381466,17,0,9.961,28.163,73002,2441897,5
1077,351580051706832,1634848929,1634848934,5,-32.8897866,-71.2385016,17,0,9.959,28.122,73002,2441897,5
1077,351580051706832,1634848935,1634848940,5,-32.8896250,-71.2390050,17,0,9.960,28.121,73002,2441897,5
1077,351580051706832,1634848936,1634848940,4,-32.8896183,-71.2390600,17,0,9.966,27.971,73002,2441897,5
1077,351580051706832,1634848943,1634848952,9,-32.8895866,-71.2393333,17,0,9.963,28.139,73002,2441897,5
1077,351580051706832,1634848947,1634848952,5,-32.8895716,-71.2394300,17,0,9.957,28.133,73002,2441897,5
1077,351580051706832,1634848950,1634848957,7,-32.8895766,-71.2395000,17,0,9.966,28.132,73002,2441897,5
1077,351580051706832,1634848953,1634848957,4,-32.8896100,-71.2395950,17,0,9.966,28.144,73002,2441897,5
1077,351580051706832,1634848955,1634848961,6,-32.8896650,-71.2396366,17,0,9.966,28.149,73002,2441897,5
1077,351580051706832,1634848965,1634848973,8,-32.8900083,-71.2396766,17,0,9.968,28.101,73002,2441897,5
1077,351580051706832,1634848968,1634848973,5,-32.8901683,-71.2397066,17,0,9.966,28.151,73002,2441897,5
1077,351580051706832,1634848971,1634848978,7,-32.8903566,-71.2397550,16,0,9.965,28.177,73002,2441897,5
1077,351580051706832,1634848973,1634848978,5,-32.8904766,-71.2397916,16,0,9.969,28.116,73002,2441897,5
1077,351580051706832,1634848980,1634848992,12,-32.8908483,-71.2399616,17,0,9.967,28.169,73002,2441897,5
1077,351580051706832,1634848984,1634848992,8,-32.8910866,-71.2401033,17,0,9.965,28.168,73002,2441897,5
1077,351580051706832,1634848987,1634848992,5,-32.8912316,-71.2402000,17,0,9.958,28.139,73002,2441897,5
1077,351580051706832,1634848989,1634848998,9,-32.8913583,-71.2402983,17,0,9.961,28.147,73002,2441897,5
1077,351580051706832,1634848993,1634848998,5,-32.8916533,-71.2405450,17,0,9.969,28.156,73002,2441897,5
1077,351580051706832,1634848995,1634849002,7,-32.8918266,-71.2406883,17,0,9.960,28.149,73002,2441897,5
1077,351580051706832,1634849000,1634849008,8,-32.8922833,-71.2410666,17,0,9.968,28.183,73002,2441897,5
1077,351580051706832,1634849001,1634849008,7,-32.8923516,-71.2411233,17,0,9.963,28.085,73002,2441897,5
1077,351580051706832,1634849002,1634849008,6,-32.8924049,-71.2411683,17,0,9.955,27.883,73002,2441897,5
1077,351580051706832,1634849005,1634849014,9,-32.8925183,-71.2412683,17,0,9.962,28.143,73002,2441897,5
1077,351580051706832,1634849007,1634849014,7,-32.8925983,-71.2413366,17,0,9.959,28.128,73002,2441897,5
1077,351580051706832,1634849010,1634849019,9,-32.8927450,-71.2414633,17,0,9.962,28.084,73002,2441897,5
1077,351580051706832,1634849012,1634849019,7,-32.8928766,-71.2415733,17,0,9.965,28.099,73002,2441897,5
1077,351580051706832,1634849033,1634849043,10,-32.8945000,-71.2429183,17,0,9.963,28.143,73002,2441897,5
1077,351580051706832,1634849038,1634849043,5,-32.8947933,-71.2431633,17,0,9.970,27.859,73002,2441897,5
1077,351580051706832,1634849043,1634849047,4,-32.8950616,-71.2434216,17,0,9.959,28.149,73002,2441897,4
1077,351580051706832,1634849047,1634849053,6,-32.8951550,-71.2436533,17,0,9.961,28.052,73002,2441897,4
1077,351580051706832,1634849054,1634849059,5,-32.8952583,-71.2439816,17,0,9.966,28.165,73002,2441897,4
1077,351580051706832,1634849056,1634849066,10,-32.8953566,-71.2440283,17,0,9.967,28.152,73002,2441897,4
1077,351580051706832,1634849059,1634849066,7,-32.8955450,-71.2440483,17,0,9.962,28.150,73002,2441897,4
1077,351580051706832,1634849064,1634849069,5,-32.8959366,-71.2441366,17,0,9.960,28.139,73002,2441898,4
1077,351580051706832,1634849067,1634849073,6,-32.8962000,-71.2442866,17,0,9.957,28.147,73002,2441898,4
1077,351580051706832,1634849069,1634849073,4,-32.8963783,-71.2444450,17,0,9.962,28.171,73002,2441898,4
1077,351580051706832,1634849076,1634849093,17,-32.8968433,-71.2453100,17,0,9.966,28.169,73002,2441898,4
1077,351580051706832,1634849079,1634849093,14,-32.8969000,-71.2457166,17,0,9.959,28.175,73002,2485487,4
1077,351580051706832,1634849080,1634849093,13,-32.8969016,-71.2458283,17,0,9.964,28.140,73002,2485487,4
1077,351580051706832,1634849081,1634849093,12,-32.8969000,-71.2459283,17,0,9.964,28.136,73002,2485487,4
1077,351580051706832,1634849082,1634849097,15,-32.8968950,-71.2460033,17,0,9.960,28.044,73002,2485487,4
1077,351580051706832,1634849083,1634849097,14,-32.8968883,-71.2460600,17,0,9.968,27.979,73002,2485487,4
1077,351580051706832,1634849085,1634849097,12,-32.8968750,-71.2461299,17,0,9.960,28.031,73002,2485487,4
1077,351580051706832,1634849087,1634849097,10,-32.8968666,-71.2461583,17,0,9.960,28.062,73002,2485487,4
1077,351580051706832,1634849095,1634849101,6,-32.8968599,-71.2462050,17,0,9.959,28.140,73002,2485487,4
1077,351580051706832,1634849098,1634849101,3,-32.8968433,-71.2462950,17,0,9.961,28.153,73002,2485487,4
1077,351580051706832,1634849099,1634849106,7,-32.8968300,-71.2463450,17,0,9.960,28.147,73002,2485487,4
1077,351580051706832,1634849103,1634849113,10,-32.8967583,-71.2466066,17,0,9.966,28.144,73002,2485487,5
1077,351580051706832,1634849104,1634849113,9,-32.8967333,-71.2466916,17,0,9.966,28.033,73002,2485484,5
1077,351580051706832,1634849108,1634849116,8,-32.8966166,-71.2470816,17,0,9.965,28.150,73002,2485484,5
1077,351580051706832,1634849111,1634849116,5,-32.8965100,-71.2474300,17,0,9.954,28.155,73002,2485487,5
1077,351580051706832,1634849119,1634849130,11,-32.8962233,-71.2484333,17,0,9.968,28.154,73002,2485487,5
1077,351580051706832,1634849121,1634849130,9,-32.8961716,-71.2486183,17,0,9.959,28.100,73002,2485487,5
1077,351580051706832,1634849122,1634849130,8,-32.8961516,-71.2486866,17,0,9.967,28.012,73002,2485484,5
1077,351580051706832,1634849123,1634849130,7,-32.8961383,-71.2487366,17,0,9.968,27.931,73002,2485484,5
1077,351580051706832,1634849124,1634849130,6,-32.8961283,-71.2487699,16,0,9.963,28.040,73002,2485484,5
1077,351580051706832,1634849125,1634849130,5,-32.8961216,-71.2487883,17,0,9.961,28.040,73002,2485484,5
1077,351580051706832,1634849128,1634849134,6,-32.8961066,-71.2488300,17,0,9.959,28.139,73002,2485484,5
1077,351580051706832,1634849130,1634849134,4,-32.8960866,-71.2489016,17,0,9.964,28.216,73002,2485484,5
1077,351580051706832,1634849133,1634849138,5,-32.8960350,-71.2490733,17,0,9.960,28.141,73002,2485484,5
1077,351580051706832,1634849135,1634849138,3,-32.8959933,-71.2492150,17,0,9.959,28.130,73002,2485484,5
1077,351580051706832,1634849137,1634849144,7,-32.8959400,-71.2493933,17,0,9.969,28.128,73002,2485484,5
1077,351580051706832,1634849141,1634849148,7,-32.8958250,-71.2498033,17,0,9.970,28.153,73002,2485484,5
1077,351580051706832,1634849144,1634849148,4,-32.8957366,-71.2501200,17,0,9.962,28.062,73002,2485484,5
1077,351580051706832,1634849149,1634849155,6,-32.8955866,-71.2506333,17,0,9.961,28.161,73002,2485484,5
1077,351580051706832,1634849153,1634849161,8,-32.8954650,-71.2510666,17,0,9.964,28.131,73002,2485484,5
1077,351580051706832,1634849154,1634849161,7,-32.8954383,-71.2511583,17,0,9.962,28.095,73002,2485484,5
1077,351580051706832,1634849156,1634849161,5,-32.8953966,-71.2513050,17,0,9.960,28.163,73002,2485484,5
1077,351580051706832,1634849162,1634849166,4,-32.8952750,-71.2517500,17,0,9.967,28.154,73002,2485484,5
1077,351580051706832,1634849169,1634849178,9,-32.8950550,-71.2523550,17,0,9.961,28.077,73002,2485487,5
1077,351580051706832,1634849171,1634849178,7,-32.8949733,-71.2524266,17,0,9.958,28.133,73002,2485488,5
1077,351580051706832,1634849173,1634849178,5,-32.8949016,-71.2524550,17,0,9.960,27.936,73002,2485488,5
1077,351580051706832,1634849175,1634849178,3,-32.8948683,-71.2524650,16,0,9.961,28.109,73002,2485488,5
1077,351580051706832,1634849188,1634849197,9,-32.8947700,-71.2524666,17,0,9.961,28.155,73002,2485485,5
1077,351580051706832,1634849194,1634849201,7,-32.8945099,-71.2524900,17,0,9.961,28.091,73002,2485485,5
1077,351580051706832,1634849196,1634849201,5,-32.8944733,-71.2525533,17,0,9.964,28.124,73002,2485485,5
1077,351580051706832,1634849199,1634849206,7,-32.8944733,-71.2526916,17,0,9.967,28.114,73002,2485485,5
1077,351580051706832,1634849205,1634849210,5,-32.8944550,-71.2530483,17,0,9.962,27.895,73002,2485485,5
1077,351580051706832,1634849207,1634849210,3,-32.8944050,-71.2531033,17,0,9.961,28.122,73002,2485485,5
1077,351580051706832,1634849210,1634849214,4,-32.8942883,-71.2531083,16,0,9.962,28.150,73002,2485485,5
1077,351580051706832,1634849214,1634849218,4,-32.8940583,-71.2530633,17,0,9.962,28.127,73002,2485485,5
1077,351580051706832,1634849216,1634849222,6,-32.8939183,-71.2530466,17,0,9.962,28.154,73002,2485485,5
1077,351580051706832,1634849222,1634849227,5,-32.8934166,-71.2530050,17,0,9.959,28.133,73002,2485485,5
1077,351580051706832,1634849235,1634849240,5,-32.8922433,-71.2529116,17,0,9.963,28.096,73002,2485486,5
1077,351580051706832,1634849239,1634849244,5,-32.8919916,-71.2528866,17,0,9.959,28.114,73002,2485486,5
1077,351580051706832,1634849241,1634849244,3,-32.8919100,-71.2528800,17,0,9.961,27.945,73002,2485486,5
1077,351580051706832,1634849243,1634849251,8,-32.8918616,-71.2528766,17,0,9.958,28.002,73002,2485486,5
1077,351580051706832,1634849245,1634849251,6,-32.8918416,-71.2528750,17,0,9.962,28.056,73002,2485486,5
1077,351580051706832,1634849290,1634849298,8,-32.8918016,-71.2528883,17,0,9.960,28.106,73002,2485483,5
1077,351580051706832,1634849293,1634849298,5,-32.8916050,-71.2529016,17,0,9.957,28.096,73002,2438800,5
1077,351580051706832,1634849297,1634849302,5,-32.8914033,-71.2528899,17,0,9.960,28.074,73002,2438800,5
1077,351580051706832,1634849299,1634849302,3,-32.8912416,-71.2528783,17,0,9.958,28.139,73002,2438800,5
1077,351580051706832,1634849322,1634849328,6,-32.8893150,-71.2527650,17,0,9.958,28.086,73002,2485483,4
1077,351580051706832,1634849334,1634849345,11,-32.8884683,-71.2527099,17,0,9.960,28.117,73002,2485483,4
1077,351580051706832,1634849347,1634849352,5,-32.8876283,-71.2526483,17,0,9.960,28.158,73002,2435225,5
1077,351580051706832,1634849358,1634849364,6,-32.8867583,-71.2525866,16,0,9.964,28.122,73002,2453670,5
1077,351580051706832,1634849367,1634849376,9,-32.8859733,-71.2525450,17,0,9.957,28.116,73002,2453670,5
1077,351580051706832,1634849370,1634849376,6,-32.8857550,-71.2525299,17,0,9.958,28.128,73002,2453673,5
1077,351580051706832,1634849375,1634849382,7,-32.8854566,-71.2525016,17,0,9.958,28.070,73002,2453673,5
1077,351580051706832,1634849378,1634849387,9,-32.8853183,-71.2524849,17,0,9.960,28.127,73002,2453673,5
1077,351580051706832,1634849386,1634849391,5,-32.8850016,-71.2524316,17,0,9.959,28.089,73002,2453673,5
1077,351580051706832,1634849388,1634849391,3,-32.8849583,-71.2524416,17,0,9.951,27.968,73002,2453673,5
1077,351580051706832,1634849391,1634849395,4,-32.8849383,-71.2524816,17,0,9.959,27.868,73002,2453673,5
1077,351580051706832,1634849406,1634849413,7,-32.8849150,-71.2526516,17,0,9.958,28.105,73002,2453670,5
1077,351580051706832,1634849408,1634849413,5,-32.8849166,-71.2526966,17,0,9.956,28.137,73002,2453670,5
1077,351580051706832,1634849411,1634849417,6,-32.8849116,-71.2528283,17,0,9.961,28.125,73002,2453670,5
1077,351580051706832,1634849413,1634849417,4,-32.8849083,-71.2529700,17,0,9.960,28.068,73002,2453670,5
1077,351580051706832,1634849415,1634849422,7,-32.8849083,-71.2531366,17,0,9.954,27.996,73002,2453670,5
1077,351580051706832,1634849417,1634849422,5,-32.8849083,-71.2533450,15,0,9.958,28.095,73002,2453670,5
1077,351580051706832,1634849423,1634849427,4,-32.8849083,-71.2540050,15,0,9.958,28.084,73002,2453670,5
1077,351580051706832,1634849427,1634849433,6,-32.8849100,-71.2544733,15,0,9.957,28.078,73002,2453670,5
1077,351580051706832,1634849430,1634849439,9,-32.8849166,-71.2547433,15,0,9.956,28.004,73002,2453670,5
1077,351580051706832,1634849431,1634849439,8,-32.8849166,-71.2548016,15,0,9.960,27.687,73002,2453670,5
1077,351580051706832,1634849432,1634849439,7,-32.8849183,-71.2548433,15,0,9.960,28.057,73002,2453670,5
1077,351580051706832,1634849433,1634849439,6,-32.8849150,-71.2548700,15,0,9.959,28.022,73002,2453670,5
1077,351580051706832,1634849456,1634849463,7,-32.8849150,-71.2549166,16,0,9.957,28.059,73002,2441890,5
1077,351580051706832,1634849460,1634849470,10,-32.8849166,-71.2550300,15,0,9.961,28.082,73002,2441890,5
1077,351580051706832,1634849464,1634849470,6,-32.8849116,-71.2552150,15,0,9.960,27.978,73002,2441890,5
1077,351580051706832,1634849470,1634849480,10,-32.8848916,-71.2555166,15,0,9.950,27.919,73002,2441890,5
1077,351580051706832,1634849473,1634849494,21,-32.8848883,-71.2555900,15,0,9.959,28.020,73002,2441890,5
1077,351580051706832,1634849477,1634849494,17,-32.8848866,-71.2556966,16,0,9.952,28.087,73002,2441890,5
1077,351580051706832,1634849480,1634849494,14,-32.8848883,-71.2558216,16,0,9.952,28.077,73002,2441890,5
1077,351580051706832,1634849498,1634849512,14,-32.8848633,-71.2568783,16,0,9.950,28.120,73002,2438799,5
1077,351580051706832,1634849509,1634849521,12,-32.8848350,-71.2576450,16,0,9.957,28.083,73002,2453670,5
1077,351580051706832,1634849514,1634849521,7,-32.8848266,-71.2580033,16,0,9.957,28.102,73002,2453670,5
1077,351580051706832,1634849518,1634849526,8,-32.8848133,-71.2582333,16,0,9.954,27.739,73002,2438799,5
1077,351580051706832,1634849520,1634849526,6,-32.8848083,-71.2583033,16,0,9.952,28.122,73002,2438799,5
1077,351580051706832,1634849522,1634849526,4,-32.8848016,-71.2583266,16,0,9.959,28.106,73002,2438799,5
1077,351580051706832,1634849585,1634849595,10,-32.8848083,-71.2583816,15,0,9.954,28.101,73002,2438799,5
1077,351580051706832,1634849591,1634849599,8,-32.8848083,-71.2586000,15,0,9.954,28.085,73002,2441890,5
1077,351580051706832,1634849593,1634849599,6,-32.8848550,-71.2586433,15,0,9.951,28.101,73002,2441890,5
1077,351580051706832,1634849597,1634849604,7,-32.8850050,-71.2586766,15,0,9.954,28.027,73002,2441890,5
1077,351580051706832,1634849601,1634849612,11,-32.8852216,-71.2587549,15,0,9.954,28.125,73002,2441890,5
1077,351580051706832,1634849603,1634849612,9,-32.8853650,-71.2588083,15,0,9.955,28.086,73002,2441890,5
1077,351580051706832,1634849608,1634849618,10,-32.8857533,-71.2589550,15,0,9.951,28.028,73002,2441890,5
1077,351580051706832,1634849608,1634849762,154,-32.8857533,-71.2589550,15,0,9.951,28.028,73002,2441890,5
1077,351580051706832,1634849612,1634849618,6,-32.8859950,-71.2589083,16,0,9.950,28.007,73002,2441890,5
1077,351580051706832,1634849612,1634849762,150,-32.8859950,-71.2589083,16,0,9.950,28.007,73002,2441890,5
1077,351580051706832,1634849613,1634849762,149,-32.8860316,-71.2588899,16,0,9.961,27.442,73002,2441890,5
1077,351580051706832,1634849615,1634849762,147,-32.8860766,-71.2588733,16,0,9.948,28.011,73002,2441890,5
1077,351580051706832,1634849616,1634849762,146,-32.8860833,-71.2588733,16,0,9.952,28.051,73002,2441890,5
1077,351580051706832,1634849620,1634849762,142,-32.8861083,-71.2588666,16,0,9.956,28.106,73002,2441890,5
1077,351580051706832,1634849621,1634849767,146,-32.8861383,-71.2588666,16,0,9.954,28.077,73002,2441890,5
1077,351580051706832,1634849622,1634849767,145,-32.8861800,-71.2588816,16,0,9.955,28.087,73002,2441890,5
1077,351580051706832,1634849626,1634849767,141,-32.8863866,-71.2590000,15,0,9.955,28.090,73002,221681,5
1077,351580051706832,1634849630,1634849767,137,-32.8866183,-71.2591283,16,0,9.952,27.821,73002,221681,5
1077,351580051706832,1634849636,1634849767,131,-32.8868283,-71.2592566,16,0,9.950,28.128,73002,221684,5
1077,351580051706832,1634849638,1634849767,129,-32.8869300,-71.2593266,16,0,9.952,28.108,73002,221684,5
1077,351580051706832,1634849640,1634849774,134,-32.8870549,-71.2594200,16,0,9.951,28.094,73002,221684,5
1077,351580051706832,1634849645,1634849774,129,-32.8874316,-71.2597150,16,0,9.940,28.113,73003,221684,3
1077,351580051706832,1634849649,1634849774,125,-32.8877633,-71.2599733,16,0,9.956,28.116,73003,221684,3
1077,351580051706832,1634849651,1634849774,123,-32.8879000,-71.2600650,16,0,9.956,28.117,73003,221684,3
1077,351580051706832,1634849652,1634849774,122,-32.8879566,-71.2600983,16,0,9.951,28.025,73003,221684,3
1077,351580051706832,1634849653,1634849774,121,-32.8880033,-71.2601183,16,0,9.952,27.973,73003,221684,3
1077,351580051706832,1634849655,1634849779,124,-32.8880583,-71.2601400,16,0,9.949,28.101,73003,221684,3
1077,351580051706832,1634849656,1634849779,123,-32.8880633,-71.2601383,16,0,9.953,28.058,73003,221684,3
1077,351580051706832,1634849673,1634849779,106,-32.8881016,-71.2601466,16,0,9.958,28.126,73003,221684,4
1077,351580051706832,1634849675,1634849779,104,-32.8881433,-71.2601783,16,0,9.952,28.122,73003,221684,4
1077,351580051706832,1634849683,1634849779,96,-32.8883850,-71.2603483,16,0,9.948,28.108,73003,221684,4
1077,351580051706832,1634849687,1634849779,92,-32.8885800,-71.2604816,16,0,9.949,28.123,73003,221684,4
1077,351580051706832,1634849689,1634849783,94,-32.8887150,-71.2605683,16,0,9.950,28.114,73003,221684,4
1077,351580051706832,1634849693,1634849783,90,-32.8890366,-71.2607600,16,0,9.955,28.122,73003,221684,4
1077,351580051706832,1634849697,1634849783,86,-32.8893783,-71.2609616,16,0,9.945,28.132,73003,221684,4
1077,351580051706832,1634849700,1634849783,83,-32.8895866,-71.2610783,15,0,9.954,28.131,73003,221684,4
1077,351580051706832,1634849710,1634849783,73,-32.8902516,-71.2614650,16,0,9.945,28.077,73003,221684,2
1077,351580051706832,1634849714,1634849783,69,-32.8904333,-71.2615816,16,0,9.949,28.068,73003,221684,2
1077,351580051706832,1634849716,1634849786,70,-32.8904916,-71.2616199,16,0,9.947,28.116,73003,221684,2
1077,351580051706832,1634849720,1634849786,66,-32.8905850,-71.2616916,16,0,9.945,28.067,73003,221684,2
1077,351580051706832,1634849722,1634849786,64,-32.8906700,-71.2617500,16,0,9.947,28.122,73003,221684,2
1077,351580051706832,1634849725,1634849786,61,-32.8908250,-71.2618449,16,0,9.948,28.125,73003,221684,2
1077,351580051706832,1634849733,1634849786,53,-32.8912866,-71.2621400,16,0,9.950,28.094,73003,221684,3
1077,351580051706832,1634849734,1634849786,52,-32.8913233,-71.2621666,16,0,9.951,28.015,73003,221684,3
1077,351580051706832,1634849740,1634849793,53,-32.8915000,-71.2622866,16,0,9.950,28.120,73003,221684,3
1077,351580051706832,1634849743,1634849793,50,-32.8916566,-71.2623933,15,0,9.954,28.129,73003,221684,3
1077,351580051706832,1634849745,1634849793,48,-32.8917966,-71.2624850,15,0,9.945,28.145,73003,221684,3
1077,351580051706832,1634849749,1634849793,44,-32.8921316,-71.2626916,15,0,9.947,28.105,73003,221684,3
1077,351580051706832,1634849764,1634849793,29,-32.8935266,-71.2635766,15,0,9.950,28.076,73003,221669,4
1077,351580051706832,1634849770,1634849793,23,-32.8939850,-71.2637133,15,0,9.951,28.138,73003,221669,4
1077,351580051706832,1634849788,1634849797,9,-32.8956900,-71.2644483,16,0,9.946,28.092,73003,221674,4
1077,351580051706832,1634849789,1634849797,8,-32.8957666,-71.2644833,16,0,9.951,28.126,73003,221674,4
1077,351580051706832,1634849791,1634849797,6,-32.8958850,-71.2645350,15,0,9.950,27.942,73003,221674,4
1077,351580051706832,1634849793,1634849797,4,-32.8959700,-71.2645700,16,0,9.950,27.976,73003,221674,3
1077,351580051706832,1634849794,1634849797,3,-32.8959933,-71.2645783,16,0,9.949,27.956,73003,221674,3
1077,351580051706832,1634849795,1634849808,13,-32.8960033,-71.2645816,16,0,9.946,27.993,73003,221674,3
1077,351580051706832,1634849817,1634849828,11,-32.8960250,-71.2645766,16,0,9.949,28.107,73003,221674,3
1077,351580051706832,1634849819,1634849828,9,-32.8960783,-71.2646000,16,0,9.950,28.092,73003,221674,3
1077,351580051706832,1634849824,1634849833,9,-32.8962383,-71.2646583,16,0,9.946,28.003,73003,221744,3
1077,351580051706832,1634849825,1634849833,8,-32.8962516,-71.2646616,16,0,9.947,28.113,73003,221811,3
1077,351580051706832,1634849839,1634849848,9,-32.8962983,-71.2646616,16,0,9.950,28.095,73003,254954,3
1077,351580051706832,1634849843,1634849854,11,-32.8963916,-71.2646683,16,0,9.952,28.075,73003,254954,3
1077,351580051706832,1634849847,1634849854,7,-32.8965233,-71.2646183,16,0,9.954,28.090,73003,254954,3
1077,351580051706832,1634849854,1634849866,12,-32.8967266,-71.2642633,17,0,9.949,28.070,73003,254954,4
1077,351580051706832,1634849863,1634849875,12,-32.8966150,-71.2636366,16,0,9.942,28.085,73003,256714,4
1077,351580051706832,1634849866,1634849875,9,-32.8965666,-71.2634033,17,0,9.951,28.080,73003,256714,4
1077,351580051706832,1634849868,1634849875,7,-32.8965650,-71.2632916,17,0,9.952,27.968,73003,256714,4
1077,351580051706832,1634849870,1634849875,5,-32.8965650,-71.2632200,17,0,9.945,28.027,73003,256714,4
1077,351580051706832,1634849872,1634849882,10,-32.8965633,-71.2631900,17,0,9.945,28.095,73003,256714,4
1077,351580051706832,1634849894,1634849905,11,-32.8965633,-71.2631533,17,0,9.949,28.108,73003,256714,5
1077,351580051706832,1634849896,1634849905,9,-32.8965466,-71.2631066,17,0,9.945,28.070,73003,256714,5
1077,351580051706832,1634849898,1634849905,7,-32.8965216,-71.2630150,16,0,9.953,28.080,73003,256714,5
1077,351580051706832,1634849902,1634849919,17,-32.8964916,-71.2627433,17,0,9.952,28.090,73003,256714,5
1077,351580051706832,1634849904,1634849919,15,-32.8964733,-71.2625616,17,0,9.946,28.063,73003,256714,5
1077,351580051706832,1634849908,1634849919,11,-32.8964233,-71.2621400,17,0,9.946,28.126,73003,256714,5
1077,351580051706832,1634849915,1634849926,11,-32.8963250,-71.2613566,17,0,9.948,28.094,73003,256714,5
1077,351580051706832,1634849917,1634849926,9,-32.8962999,-71.2611833,17,0,9.955,27.936,73003,256714,5
1077,351580051706832,1634849919,1634849926,7,-32.8962833,-71.2610650,17,0,9.947,28.016,73003,256714,5
1077,351580051706832,1634849920,1634849933,13,-32.8962800,-71.2610333,17,0,9.948,28.040,73003,256714,5
1077,351580051706832,1634849921,1634849933,12,-32.8962783,-71.2610183,17,0,9.949,27.998,73003,256714,5
1077,351580051706832,1634849951,1634849959,8,-32.8962833,-71.2609766,17,0,9.948,28.080,73003,256714,5
1077,351580051706832,1634849952,1634849959,7,-32.8962783,-71.2609433,17,0,9.946,28.076,73003,256714,5
1077,351580051706832,1634849954,1634849959,5,-32.8962616,-71.2608433,17,0,9.944,28.117,73003,256714,5
1077,351580051706832,1634849958,1634849964,6,-32.8962300,-71.2605766,17,0,9.946,28.088,73003,256714,5
1077,351580051706832,1634849960,1634849964,4,-32.8962033,-71.2603966,16,0,9.952,28.060,73003,256714,5
1077,351580051706832,1634849964,1634849971,7,-32.8961400,-71.2599716,17,0,9.955,28.099,73003,256714,5
1077,351580051706832,1634849975,1634849986,11,-32.8959683,-71.2586266,17,0,9.943,28.085,73003,221672,5
1077,351580051706832,1634849983,1634849994,11,-32.8958183,-71.2575550,17,0,9.945,28.018,73003,221672,5
1077,351580051706832,1634849985,1634849994,9,-32.8957916,-71.2573583,17,0,9.944,28.123,73003,221672,5
1077,351580051706832,1634849988,1634849994,6,-32.8957483,-71.2570516,17,0,9.942,28.087,73003,221672,5
1077,351580051706832,1634849992,1634850004,12,-32.8956883,-71.2565933,17,0,9.946,28.088,73003,221672,5
1077,351580051706832,1634849993,1634850004,11,-32.8956766,-71.2565116,17,0,9.945,28.065,73003,221672,5
1077,351580051706832,1634849995,1634850004,9,-32.8956616,-71.2564000,17,0,9.942,28.062,73003,221672,5
1077,351580051706832,1634849996,1634850011,15,-32.8956550,-71.2563716,17,0,9.948,27.928,73003,221672,5
1077,351580051706832,1634849997,1634850011,14,-32.8956533,-71.2563600,17,0,9.950,27.899,73003,221672,5
1077,351580051706832,1634850003,1634850011,8,-32.8956350,-71.2563283,17,0,9.945,28.101,73003,256712,5
1077,351580051706832,1634850004,1634850011,7,-32.8956283,-71.2562916,17,0,9.945,28.069,73003,256712,5
1077,351580051706832,1634850006,1634850026,20,-32.8956116,-71.2561883,17,0,9.943,28.071,73003,256712,5
1077,351580051706832,1634850010,1634850026,16,-32.8955650,-71.2559183,17,0,9.950,28.081,73003,256712,5
1077,351580051706832,1634850012,1634850026,14,-32.8955316,-71.2557316,17,0,9.939,28.074,73003,256712,5
1077,351580051706832,1634850020,1634850037,17,-32.8954100,-71.2548933,16,0,9.949,28.094,73003,256712,5
1077,351580051706832,1634850022,1634850037,15,-32.8953883,-71.2547316,16,0,9.942,28.037,73003,256712,5
1077,351580051706832,1634850024,1634850037,13,-32.8953766,-71.2546116,16,0,9.949,27.713,73003,256712,5
1077,351580051706832,1634850025,1634850037,12,-32.8953683,-71.2545733,16,0,9.951,27.975,73003,256712,5
1077,351580051706832,1634850026,1634850037,11,-32.8953633,-71.2545516,16,0,9.951,28.005,73003,256712,5
1077,351580051706832,1634850044,1634850050,6,-32.8953616,-71.2545133,16,0,9.946,28.063,73003,221673,5
1077,351580051706832,1634850046,1634850065,19,-32.8953516,-71.2544316,16,0,9.948,27.995,73003,221673,5
1077,351580051706832,1634850050,1634850065,15,-32.8953116,-71.2541883,16,0,9.946,28.091,73003,221673,5
1077,351580051706832,1634850057,1634850065,8,-32.8951616,-71.2536583,16,0,9.948,28.083,73003,221673,5
1077,351580051706832,1634850064,1634850069,5,-32.8950483,-71.2530400,16,0,9.945,28.084,73003,221673,4
1077,351580051706832,1634850066,1634850069,3,-32.8950566,-71.2529083,16,0,9.945,27.781,73003,221673,4
1077,351580051706832,1634850067,1634850076,9,-32.8950600,-71.2528600,15,0,9.953,27.974,73003,221673,4
1077,351580051706832,1634850068,1634850076,8,-32.8950666,-71.2528266,15,0,9.948,27.891,73003,221673,4
1077,351580051706832,1634850069,1634850076,7,-32.8950750,-71.2528116,16,0,9.948,27.871,73003,221673,4
1077,351580051706832,1634850095,1634850103,8,-32.8950699,-71.2527683,16,0,9.952,28.069,73003,221673,4
1077,351580051706832,1634850097,1634850103,6,-32.8950633,-71.2527033,16,0,9.948,28.083,73003,221673,4
1077,351580051706832,1634850099,1634850110,11,-32.8951033,-71.2525466,17,0,9.945,28.090,73003,221673,4
1077,351580051706832,1634850104,1634850110,6,-32.8952050,-71.2522866,17,0,9.946,28.090,73003,221673,4
1077,351580051706832,1634850110,1634850114,4,-32.8953500,-71.2517950,17,0,9.949,28.074,73003,221670,4
1077,351580051706832,1634850111,1634850114,3,-32.8953683,-71.2517366,17,0,9.948,27.687,73003,221670,4
1077,351580051706832,1634850113,1634850118,5,-32.8953983,-71.2516600,17,0,9.948,28.049,73003,221670,4
1077,351580051706832,1634850115,1634850118,3,-32.8954116,-71.2516333,17,0,9.946,28.039,73003,221670,4
1077,351580051706832,1634850138,1634850149,11,-32.8954083,-71.2516033,17,0,9.943,28.064,73003,222031,5
1077,351580051706832,1634850141,1634850149,8,-32.8954250,-71.2515383,17,0,9.946,28.084,73003,222031,5
1077,351580051706832,1634850143,1634850149,6,-32.8954516,-71.2514600,17,0,9.945,28.218,73003,222031,5
1077,351580051706832,1634850147,1634850153,6,-32.8955200,-71.2512400,17,0,9.948,28.097,73003,257717,5
1077,351580051706832,1634850149,1634850153,4,-32.8955600,-71.2510916,17,0,9.945,28.081,73003,257717,5
1077,351580051706832,1634850152,1634850160,8,-32.8956416,-71.2508016,17,0,9.948,28.102,73003,257717,4
1077,351580051706832,1634850154,1634850160,6,-32.8957016,-71.2505900,17,0,9.949,28.092,73003,257717,4
1077,351580051706832,1634850158,1634850171,13,-32.8958400,-71.2500983,17,0,9.940,28.110,73003,257717,4
1077,351580051706832,1634850171,1634850176,5,-32.8963433,-71.2484116,17,0,9.948,28.084,73003,257717,4
1077,351580051706832,1634850173,1634850182,9,-32.8964000,-71.2482150,17,0,9.949,28.084,73003,257717,4
1077,351580051706832,1634850175,1634850182,7,-32.8964483,-71.2480483,17,0,9.946,28.078,73003,257717,4
1077,351580051706832,1634850178,1634850182,4,-32.8965150,-71.2478283,17,0,9.947,28.051,73003,257717,4
1077,351580051706832,1634850181,1634850187,6,-32.8965633,-71.2476683,17,0,9.951,28.042,73003,257717,4
1077,351580051706832,1634850183,1634850187,4,-32.8965816,-71.2476016,17,0,9.945,28.001,73003,257717,4
1077,351580051706832,1634850185,1634850194,9,-32.8965916,-71.2475716,17,0,9.944,27.973,73003,257717,4
1077,351580051706832,1634850201,1634850207,6,-32.8966033,-71.2474916,17,0,9.949,28.067,73003,221680,4
1077,351580051706832,1634850203,1634850207,4,-32.8966166,-71.2474433,17,0,9.941,27.977,73003,221680,4
1077,351580051706832,1634850219,1634850227,8,-32.8968433,-71.2466233,17,0,9.946,28.088,73003,222031,4
1077,351580051706832,1634850221,1634850227,6,-32.8968833,-71.2464750,17,0,9.945,28.076,73003,222031,4
1077,351580051706832,1634850223,1634850227,4,-32.8969416,-71.2462916,17,0,9.945,28.078,73003,222031,4
1077,351580051706832,1634850227,1634850231,4,-32.8970033,-71.2458650,17,0,9.943,28.044,73003,222031,4
1077,351580051706832,1634850230,1634850234,4,-32.8969816,-71.2454783,17,0,9.947,28.075,73003,222031,4
1077,351580051706832,1634850237,1634850241,4,-32.8966350,-71.2445483,17,0,9.944,28.060,73003,222030,4
1077,351580051706832,1634850241,1634850255,14,-32.8962700,-71.2441666,17,0,9.946,28.069,73003,257717,4
1077,351580051706832,1634850244,1634850255,11,-32.8960033,-71.2439816,16,0,9.946,28.055,73003,257717,5
1077,351580051706832,1634850247,1634850255,8,-32.8957733,-71.2438333,16,0,9.950,28.077,73003,257717,5
1077,351580051706832,1634850249,1634850255,6,-32.8956500,-71.2437283,16,0,9.948,28.084,73003,257717,5
1077,351580051706832,1634850251,1634850255,4,-32.8955583,-71.2436483,16,0,9.948,27.493,73003,257717,5
1077,351580051706832,1634850253,1634850261,8,-32.8954949,-71.2435950,16,0,9.942,28.056,73003,257717,5
1077,351580051706832,1634850257,1634850271,14,-32.8953716,-71.2434850,16,0,9.944,28.075,73003,257716,5
1077,351580051706832,1634850261,1634850271,10,-32.8951900,-71.2433300,15,0,9.943,28.085,73003,257716,5
1077,351580051706832,1634850267,1634850271,4,-32.8949183,-71.2430950,15,0,9.950,28.058,73003,257716,5
1077,351580051706832,1634850268,1634850271,3,-32.8948683,-71.2430516,16,0,9.950,27.896,73003,257716,5
1077,351580051706832,1634850293,1634850302,9,-32.8948266,-71.2430116,16,0,9.942,28.094,73003,222033,5
1077,351580051706832,1634850295,1634850302,7,-32.8947766,-71.2429733,16,0,9.950,27.873,73003,222033,5
1077,351580051706832,1634850297,1634850302,5,-32.8946983,-71.2429133,16,0,9.946,28.074,73003,222033,5
1077,351580051706832,1634850300,1634850305,5,-32.8945616,-71.2428000,15,0,9.946,28.079,73003,222034,5
1077,351580051706832,1634850302,1634850305,3,-32.8944383,-71.2427016,15,0,9.944,28.041,73003,222034,4
1077,351580051706832,1634850306,1634850313,7,-32.8941483,-71.2424650,15,0,9.944,28.091,73003,222034,4
1077,351580051706832,1634850308,1634850313,5,-32.8939816,-71.2423249,15,0,9.943,28.064,73003,222034,4
1077,351580051706832,1634850311,1634850317,6,-32.8937016,-71.2420900,15,0,9.952,28.026,73003,222034,4
1077,351580051706832,1634850317,1634850323,6,-32.8931250,-71.2416166,15,0,9.943,28.076,73003,222034,4
1077,351580051706832,1634850319,1634850329,10,-32.8929716,-71.2414900,15,0,9.952,28.093,73003,222034,4
1077,351580051706832,1634850321,1634850329,8,-32.8928550,-71.2413916,15,0,9.950,28.035,73003,222034,4
1077,351580051706832,1634850322,1634850329,7,-32.8928083,-71.2413533,15,0,9.951,27.964,73003,222034,4
1077,351580051706832,1634850324,1634850329,5,-32.8927416,-71.2413000,15,0,9.949,28.032,73003,222034,4
1077,351580051706832,1634850328,1634850334,6,-32.8926299,-71.2412150,14,0,9.950,28.047,73003,222034,4
1077,351580051706832,1634850332,1634850338,6,-32.8924550,-71.2410666,15,0,9.944,28.071,73003,222034,5
1077,351580051706832,1634850334,1634850338,4,-32.8923400,-71.2409716,15,0,9.943,27.831,73003,222034,5
1077,351580051706832,1634850336,1634850343,7,-32.8922000,-71.2408600,16,0,9.945,28.067,73003,222034,5
1077,351580051706832,1634850340,1634850347,7,-32.8918950,-71.2406116,16,0,9.950,28.065,73003,222034,5
1077,351580051706832,1634850343,1634850347,4,-32.8916566,-71.2404183,16,0,9.948,28.078,73003,222034,5
1077,351580051706832,1634850345,1634850352,7,-32.8915300,-71.2403166,16,0,9.943,27.967,73003,222034,5
1077,351580051706832,1634850346,1634850352,6,-32.8914800,-71.2402766,16,0,9.944,27.824,73003,222034,5
1077,351580051706832,1634850347,1634850352,5,-32.8914433,-71.2402450,16,0,9.947,28.045,73003,222034,5
1077,351580051706832,1634850352,1634850358,6,-32.8912933,-71.2401250,16,0,9.948,28.079,73003,222034,5
1077,351580051706832,1634850362,1634850371,9,-32.8907600,-71.2397716,15,0,9.950,28.096,73003,222034,5
1077,351580051706832,1634850369,1634850376,7,-32.8903066,-71.2396033,15,0,9.949,27.681,73003,222034,5
1077,351580051706832,1634850370,1634850376,6,-32.8902733,-71.2395900,16,0,9.945,28.061,73003,222034,5
1077,351580051706832,1634850371,1634850376,5,-32.8902550,-71.2395833,16,0,9.951,28.079,73003,222034,5
1077,351580051706832,1634850395,1634850400,5,-32.8902083,-71.2395833,16,0,9.939,28.073,73003,222034,5
1077,351580051706832,1634850397,1634850400,3,-32.8901350,-71.2395716,16,0,9.948,28.061,73003,222034,5
1077,351580051706832,1634850400,1634850405,5,-32.8900083,-71.2395666,16,0,9.948,28.055,73003,222034,5
1077,351580051706832,1634850406,1634850411,5,-32.8897983,-71.2395600,16,0,9.948,28.075,73003,222034,5
1077,351580051706832,1634850408,1634850416,8,-32.8897250,-71.2395583,16,0,9.947,28.063,73003,222034,5
1077,351580051706832,1634850411,1634850416,5,-32.8896550,-71.2395533,16,0,9.953,27.883,73003,222034,5
1077,351580051706832,1634850412,1634850416,4,-32.8896416,-71.2395533,16,0,9.954,27.869,73003,222034,5
1077,351580051706832,1634850435,1634850442,7,-32.8896100,-71.2395683,16,0,9.950,28.058,73003,222034,5
1077,351580051706832,1634850436,1634850442,6,-32.8895816,-71.2395650,16,0,9.954,28.060,73003,222034,5
1077,351580051706832,1634850438,1634850447,9,-32.8894949,-71.2395550,16,0,9.950,28.075,73003,222034,5
1077,351580051706832,1634850442,1634850447,5,-32.8892683,-71.2395300,16,0,9.949,28.047,73003,222034,5
1077,351580051706832,1634850443,1634850451,8,-32.8891966,-71.2395200,16,0,9.951,27.775,73003,222034,5
1077,351580051706832,1634850446,1634850451,5,-32.8889366,-71.2394916,15,0,9.946,28.035,73003,222034,5
1077,351580051706832,1634850449,1634850456,7,-32.8886500,-71.2394599,15,0,9.948,27.991,73003,222034,5
1077,351580051706832,1634850451,1634850456,5,-32.8884316,-71.2394383,15,0,9.949,28.082,73003,222034,5
1077,351580051706832,1634850462,1634850470,8,-32.8871366,-71.2393066,15,0,9.944,28.079,73003,222032,5
1077,351580051706832,1634850473,1634850482,9,-32.8860466,-71.2391716,15,0,9.952,28.075,73003,222032,4
1077,351580051706832,1634850475,1634850482,7,-32.8858900,-71.2391566,15,0,9.949,28.053,73003,222032,4
1077,351580051706832,1634850476,1634850482,6,-32.8858233,-71.2391516,15,0,9.946,27.893,73003,222032,4
1077,351580051706832,1634850478,1634850482,4,-32.8857266,-71.2391416,15,0,9.947,28.048,73003,222032,4
1077,351580051706832,1634850483,1634850489,6,-32.8855566,-71.2391283,16,0,9.948,28.040,73003,222032,4
1077,351580051706832,1634850488,1634850494,6,-32.8852583,-71.2390999,16,0,9.946,28.060,73003,222032,4
1077,351580051706832,1634850490,1634850494,4,-32.8850116,-71.2390783,16,0,9.951,28.049,73003,222032,4
1077,351580051706832,1634850494,1634850499,5,-32.8846316,-71.2390416,16,0,9.947,28.059,73003,222032,4
1077,351580051706832,1634850498,1634850503,5,-32.8843683,-71.2390166,16,0,9.953,28.032,73003,222032,4
1077,351580051706832,1634850499,1634850503,4,-32.8842500,-71.2389816,16,0,9.948,27.995,73003,222032,4
1077,351580051706832,1634850504,1634850509,5,-32.8841100,-71.2388266,17,0,9.946,28.015,73003,222032,4
1077,351580051706832,1634850509,1634850515,6,-32.8839533,-71.2386250,17,0,9.953,28.081,73003,222032,4
1077,351580051706832,1634850512,1634850519,7,-32.8838933,-71.2385633,17,0,9.951,27.787,73003,222032,4
1077,351580051706832,1634850514,1634850519,5,-32.8838600,-71.2385466,17,0,9.950,27.992,73003,222032,4
1077,351580051706832,1634850533,1634850536,3,-32.8838300,-71.2385400,17,0,9.949,28.035,73003,222032,4
1077,351580051706832,1634850534,1634850536,2,-32.8837966,-71.2385333,17,0,9.952,28.072,73003,222032,4
1077,351580051706832,1634850536,1634850541,5,-32.8836983,-71.2385133,17,0,9.947,27.999,73003,222032,4
1077,351580051706832,1634850540,1634850546,6,-32.8834350,-71.2385066,17,0,9.949,28.038,73003,222032,4
1077,351580051706832,1634850542,1634850546,4,-32.8832683,-71.2384983,17,0,9.954,28.053,73003,222032,3
1077,351580051706832,1634850547,1634850551,4,-32.8828166,-71.2384683,17,0,9.949,28.026,73003,222032,3
1077,351580051706832,1634850558,1634850568,10,-32.8816700,-71.2383566,17,0,9.959,28.064,73003,222032,3
1077,351580051706832,1634850560,1634850568,8,-32.8815200,-71.2383433,17,0,9.956,27.948,73003,221760,3
1077,351580051706832,1634850561,1634850568,7,-32.8814616,-71.2383383,17,0,9.952,27.800,73003,221760,3
1077,351580051706832,1634850562,1634850568,6,-32.8814166,-71.2383333,18,0,9.952,27.987,73003,221760,3
1077,351580051706832,1634850565,1634850577,12,-32.8813300,-71.2383333,18,0,9.944,28.043,73003,221760,3
1077,351580051706832,1634850570,1634850577,7,-32.8811916,-71.2383183,18,0,9.955,28.056,73003,221760,3
1077,351580051706832,1634850573,1634850577,4,-32.8810400,-71.2383000,18,0,9.948,28.065,73003,221760,4
1077,351580051706832,1634850578,1634850584,6,-32.8807983,-71.2382750,17,0,9.948,28.048,73003,221760,4
1077,351580051706832,1634850583,1634850590,7,-32.8806000,-71.2382583,17,0,9.949,28.061,73003,221759,4
1077,351580051706832,1634850586,1634850597,11,-32.8804150,-71.2382316,17,0,9.954,28.062,73003,221759,4
1077,351580051706832,1634850593,1634850597,4,-32.8798633,-71.2381533,16,0,9.953,27.856,73003,221759,4
1077,351580051706832,1634850594,1634850597,3,-32.8798150,-71.2381466,16,0,9.949,28.003,73003,221759,4
1077,351580051706832,1634850599,1634850605,6,-32.8796200,-71.2381100,17,0,9.949,28.052,73003,221759,4
1077,351580051706832,1634850603,1634850610,7,-32.8793716,-71.2380783,16,0,9.959,28.057,73003,221759,4
1077,351580051706832,1634850605,1634850610,5,-32.8792083,-71.2380600,16,0,9.948,28.050,73003,221759,4
1077,351580051706832,1634850609,1634850615,6,-32.8788399,-71.2380750,16,0,9.950,27.976,73003,221759,4
1077,351580051706832,1634850617,1634850628,11,-32.8780450,-71.2383150,17,0,9.955,28.014,73003,221759,4
1077,351580051706832,1634850628,1634850635,7,-32.8771233,-71.2383316,17,0,9.950,28.023,73003,221759,4
1077,351580051706832,1634850630,1634850643,13,-32.8770033,-71.2383216,18,0,9.956,27.520,73003,221759,4
1077,351580051706832,1634850633,1634850643,10,-32.8768900,-71.2382516,18,0,9.953,28.029,73003,221820,4
1077,351580051706832,1634850635,1634850643,8,-32.8768633,-71.2381466,18,0,9.951,28.054,73003,221820,4
1077,351580051706832,1634850641,1634850652,11,-32.8768933,-71.2378066,18,0,9.953,28.073,73003,254963,4
1077,351580051706832,1634850645,1634850652,7,-32.8769016,-71.2375133,18,0,9.950,27.883,73003,254963,4
1077,351580051706832,1634850647,1634850652,5,-32.8769083,-71.2373150,17,0,9.946,28.084,73003,254963,4
1077,351580051706832,1634850653,1634850664,11,-32.8769533,-71.2366166,18,0,9.948,28.008,73003,254963,4
1077,351580051706832,1634850660,1634850668,8,-32.8769900,-71.2360333,17,0,9.945,28.079,73003,254963,4
1077,351580051706832,1634850664,1634850668,4,-32.8770000,-71.2358366,18,0,9.953,27.811,73003,221871,3
1077,351580051706832,1634850666,1634850672,6,-32.8770049,-71.2357666,17,0,9.950,28.014,73003,221871,3
1077,351580051706832,1634850667,1634850672,5,-32.8770066,-71.2357550,17,0,9.950,27.948,73003,221871,3
1077,351580051706832,1634850669,1634850678,9,-32.8770066,-71.2357183,17,0,9.952,28.073,73003,221871,3
1077,351580051706832,1634850672,1634850678,6,-32.8770083,-71.2356433,17,0,9.952,28.063,73003,221871,3
1077,351580051706832,1634850677,1634850685,8,-32.8770166,-71.2353833,17,0,9.951,28.046,73003,221871,3
1077,351580051706832,1634850680,1634850691,11,-32.8770466,-71.2352116,18,0,9.950,28.088,73003,221871,3
1077,351580051706832,1634850683,1634850691,8,-32.8770666,-71.2350983,18,0,9.952,27.828,73003,221871,3
1077,351580051706832,1634850685,1634850691,6,-32.8770650,-71.2350600,18,0,9.950,27.823,73003,221871,3
1077,351580051706832,1634850795,1634850806,11,-32.8770250,-71.2350416,17,0,9.957,28.038,73003,221762,3
1077,351580051706832,1634850797,1634850806,9,-32.8770150,-71.2349883,17,0,9.959,28.039,73003,221762,3
1077,351580051706832,1634850799,1634850806,7,-32.8770266,-71.2348300,17,0,9.957,28.018,73003,221762,3
1077,351580051706832,1634850803,1634850822,19,-32.8770483,-71.2345400,16,0,9.955,27.994,73003,221762,3
1077,351580051706832,1634850808,1634850822,14,-32.8770750,-71.2341450,16,0,9.956,28.027,73003,221872,3
1077,351580051706832,1634850811,1634850828,17,-32.8770933,-71.2338100,17,0,9.953,28.052,73003,221872,3
1077,351580051706832,1634850815,1634850828,13,-32.8771016,-71.2333200,17,0,9.953,28.051,73003,221869,4
1077,351580051706832,1634850818,1634850828,10,-32.8771133,-71.2329083,16,0,9.959,27.926,73003,221869,4
1077,351580051706832,1634850823,1634850833,10,-32.8771500,-71.2321616,17,0,9.955,28.039,73003,221871,4
1077,351580051706832,1634850825,1634850833,8,-32.8771833,-71.2319183,17,0,9.957,27.997,73003,221871,4
1077,351580051706832,1634850828,1634850833,5,-32.8773166,-71.2316733,17,0,9.955,28.028,73003,221871,4
1077,351580051706832,1634850833,1634850853,20,-32.8774766,-71.2312850,17,0,9.959,28.054,73003,221871,4
1077,351580051706832,1634850835,1634850853,18,-32.8774066,-71.2311400,16,0,9.956,28.055,73003,221874,4
1077,351580051706832,1634850838,1634850853,15,-32.8772266,-71.2310366,16,0,9.955,28.048,73003,221874,4
1077,351580051706832,1634850843,1634850853,10,-32.8769000,-71.2310849,17,0,9.954,28.041,73003,221874,4
1077,351580051706832,1634850846,1634850866,20,-32.8766550,-71.2310433,18,0,9.956,28.044,73003,221874,4
1077,351580051706832,1634850855,1634850866,11,-32.8758399,-71.2308700,17,0,9.958,28.036,73003,221874,4
1077,351580051706832,1634850859,1634850872,13,-32.8754283,-71.2308433,17,0,9.959,28.041,73003,221874,4
1077,351580051706832,1634850861,1634850872,11,-32.8752750,-71.2308300,17,0,9.954,27.833,73003,221874,4
1077,351580051706832,1634850862,1634850872,10,-32.8752183,-71.2308250,17,0,9.955,27.827,73003,221874,4
1077,351580051706832,1634850863,1634850872,9,-32.8751800,-71.2308216,17,0,9.956,27.800,73003,221874,4
1077,351580051706832,1634850864,1634850872,8,-32.8751566,-71.2308200,17,0,9.958,27.820,73003,221874,4
1077,351580051706832,1634850866,1634850872,6,-32.8751383,-71.2308216,17,0,9.954,27.886,73003,221874,4
1077,351580051706832,1634850882,1634850887,5,-32.8751066,-71.2308316,17,0,9.950,28.007,73003,221874,4
1077,351580051706832,1634850886,1634850894,8,-32.8750483,-71.2308200,18,0,9.960,27.997,73003,221874,4
1077,351580051706832,1634850914,1634850922,8,-32.8750366,-71.2308416,17,0,9.956,28.030,73003,221874,5
1077,351580051706832,1634850916,1634850922,6,-32.8749899,-71.2308366,17,0,9.956,27.834,73003,221874,5
1077,351580051706832,1634850918,1634850933,15,-32.8748133,-71.2308283,17,0,9.956,28.036,73003,221874,5
1077,351580051706832,1634850922,1634850933,11,-32.8745716,-71.2308083,17,0,9.957,28.033,73003,221874,5
1077,351580051706832,1634850925,1634850943,18,-32.8744200,-71.2307950,17,0,9.955,28.043,73003,221874,5
1077,351580051706832,1634850930,1634850943,13,-32.8739716,-71.2307400,17,0,9.955,28.027,73003,221874,5
1077,351580051706832,1634850933,1634850943,10,-32.8736683,-71.2306833,18,0,9.954,28.026,73003,221874,4
1077,351580051706832,1634850936,1634850948,12,-32.8733450,-71.2305683,17,0,9.960,27.957,73003,221874,4
1077,351580051706832,1634850942,1634850948,6,-32.8726066,-71.2303083,18,0,9.958,28.084,73003,221874,4
1077,351580051706832,1634850946,1634850959,13,-32.8720666,-71.2300983,18,0,9.957,28.033,73003,221874,4
1077,351580051706832,1634850950,1634850981,31,-32.8714816,-71.2298766,18,0,9.952,28.058,73003,221874,4
1077,351580051706832,1634850955,1634850981,26,-32.8706883,-71.2295783,18,0,9.957,28.047,73003,221730,4
1077,351580051706832,1634850959,1634850981,22,-32.8700066,-71.2293183,18,0,9.951,28.027,73003,221819,4
1077,351580051706832,1634850969,1634850981,12,-32.8682050,-71.2286283,18,0,9.950,28.040,73003,221730,4
1077,351580051706832,1634850978,1634850991,13,-32.8664616,-71.2279650,18,0,9.956,28.063,73003,221730,4
1077,351580051706832,1634850987,1634850998,11,-32.8646050,-71.2272566,18,0,9.959,28.072,73003,221819,4
1077,351580051706832,1634850995,1634851007,12,-32.8628666,-71.2265966,18,0,9.955,28.027,73003,221730,4
1077,351580051706832,1634851003,1634851014,11,-32.8610500,-71.2259083,18,0,9.957,28.061,73003,221730,4
1077,351580051706832,1634851010,1634851020,10,-32.8592116,-71.2252133,18,0,9.955,28.065,73003,222044,4
1077,351580051706832,1634851019,1634851029,10,-32.8573350,-71.2246016,18,0,9.955,28.075,73003,222044,4
1077,351580051706832,1634851027,1634851034,7,-32.8553933,-71.2244300,18,0,9.959,28.052,73003,222044,3
1077,351580051706832,1634851036,1634851041,5,-32.8532016,-71.2243983,18,0,9.958,28.052,73003,221733,3
1077,351580051706832,1634851044,1634851054,10,-32.8512700,-71.2243516,18,0,9.958,28.063,73003,221733,3
1077,351580051706832,1634851052,1634851060,8,-32.8493283,-71.2243166,18,0,9.959,28.035,73003,221733,1
1077,351580051706832,1634851060,1634851065,5,-32.8473950,-71.2242666,18,0,9.957,28.061,73003,221733,1
1077,351580051706832,1634851068,1634851077,9,-32.8454566,-71.2242100,18,0,9.961,28.110,73003,221733,1
1077,351580051706832,1634851076,1634851083,7,-32.8435933,-71.2238533,18,0,9.960,28.048,73003,221733,1
1077,351580051706832,1634851084,1634851094,10,-32.8417900,-71.2231500,18,0,9.961,28.096,73003,221732,2
1077,351580051706832,1634851092,1634851101,9,-32.8397266,-71.2223300,18,0,9.963,28.079,73003,221732,2
1077,351580051706832,1634851100,1634851119,19,-32.8379150,-71.2216183,18,0,9.956,28.076,73003,221732,2
1077,351580051706832,1634851109,1634851119,10,-32.8361400,-71.2209416,18,0,9.956,28.067,73003,221732,2
1077,351580051706832,1634851117,1634851127,10,-32.8343233,-71.2202666,18,0,9.957,28.080,73003,221732,3
1077,351580051706832,1634851125,1634851141,16,-32.8324066,-71.2200266,18,0,9.960,28.063,73003,221732,3
1077,351580051706832,1634851133,1634851153,20,-32.8305650,-71.2207233,17,0,9.958,28.088,73003,256783,3
1077,351580051706832,1634851141,1634851153,12,-32.8288066,-71.2216700,18,0,9.959,28.074,73003,221627,3
1077,351580051706832,1634851149,1634851169,20,-32.8270300,-71.2225950,17,0,9.961,28.068,73003,221627,4
1077,351580051706832,1634851154,1634851169,15,-32.8259666,-71.2231466,17,0,9.960,28.105,73003,221627,4
1077,351580051706832,1634851159,1634851169,10,-32.8249083,-71.2234400,17,0,9.960,28.080,73003,221819,4
1077,351580051706832,1634851168,1634851175,7,-32.8230933,-71.2231733,17,0,9.957,28.078,73003,221729,4
1077,351580051706832,1634851174,1634851179,5,-32.8218883,-71.2227900,15,0,9.956,28.023,73003,221729,4
1077,351580051706832,1634851177,1634851184,7,-32.8212166,-71.2227566,15,0,9.960,28.082,73003,221729,4
1077,351580051706832,1634851185,1634851645,460,-32.8193866,-71.2232233,15,0,9.958,28.068,73003,221729,4
1077,351580051706832,1634851203,1634851645,442,-32.8147716,-71.2237250,16,0,9.960,28.130,73003,221729,4
1077,351580051706832,1634851203,1634851645,442,-32.8147716,-71.2237250,16,0,9.960,28.130,73003,221729,4
1077,351580051706832,1634851203,1634851645,442,-32.8147716,-71.2237250,16,0,9.960,28.123,73003,221729,4
1077,351580051706832,1634851203,1634851645,442,-32.8147716,-71.2237250,16,0,9.960,28.126,73003,221729,4
1077,351580051706832,1634851203,1634851645,442,-32.8147716,-71.2237250,16,0,9.960,28.126,73003,221729,4
1077,351580051706832,1634851203,1634851654,451,-32.8147716,-71.2237250,16,0,9.961,28.110,73003,221729,4
1077,351580051706832,1634851203,1634851654,451,-32.8147716,-71.2237250,16,0,9.962,28.108,73003,221729,4
1077,351580051706832,1634851203,1634851654,451,-32.8147716,-71.2237250,16,0,9.962,28.108,73003,221729,4
1077,351580051706832,1634851203,1634851654,451,-32.8147716,-71.2237250,16,0,9.962,28.104,73003,221729,4
1077,351580051706832,1634851212,1634851654,442,-32.8128699,-71.2232433,16,0,9.962,28.102,73003,221729,4
1077,351580051706832,1634851220,1634851654,434,-32.8111233,-71.2222233,17,0,9.963,28.108,73003,221729,4
1077,351580051706832,1634851228,1634851663,435,-32.8094583,-71.2210150,17,0,9.956,28.098,73003,221729,4
1077,351580051706832,1634851236,1634851663,427,-32.8077933,-71.2198300,17,0,9.961,28.132,73003,221729,4
1077,351580051706832,1634851244,1634851663,419,-32.8061316,-71.2186483,17,0,9.961,28.152,73003,221729,4
1077,351580051706832,1634851252,1634851663,411,-32.8045233,-71.2173500,17,0,9.958,28.109,73003,221729,4
1077,351580051706832,1634851260,1634851663,403,-32.8031600,-71.2157200,17,0,9.965,28.129,73003,221729,4
1077,351580051706832,1634851268,1634851663,395,-32.8021066,-71.2137900,17,0,9.963,28.120,73003,221729,4
1077,351580051706832,1634851276,1634851670,394,-32.8014033,-71.2116549,17,0,9.962,28.124,73003,221729,4
1077,351580051706832,1634851284,1634851670,386,-32.8007716,-71.2094683,17,0,9.968,28.113,73003,221729,4
1077,351580051706832,1634851292,1634851670,378,-32.8001350,-71.2072966,16,0,9.967,28.112,73003,221729,4
1077,351580051706832,1634851299,1634851670,371,-32.7994933,-71.2051433,15,0,9.965,28.119,73003,221729,4
1077,351580051706832,1634851306,1634851670,364,-32.7989650,-71.2036333,15,0,9.960,28.138,73003,221729,4
1077,351580051706832,1634851315,1634851670,355,-32.7980116,-71.2015033,15,0,9.957,28.087,73003,221729,4
1077,351580051706832,1634851323,1634851674,351,-32.7970933,-71.1995366,15,0,9.954,28.132,73003,221729,4
1077,351580051706832,1634851328,1634851674,346,-32.7965383,-71.1983616,15,0,9.963,28.135,73003,221729,4
1077,351580051706832,1634851332,1634851674,342,-32.7961166,-71.1974850,15,0,9.957,28.128,73003,221729,4
1077,351580051706832,1634851341,1634851674,333,-32.7951733,-71.1956466,15,0,9.959,28.136,73003,221729,4
1077,351580051706832,1634851349,1634851674,325,-32.7942166,-71.1941633,15,0,9.961,28.138,73003,221729,4
1077,351580051706832,1634851353,1634851674,321,-32.7937233,-71.1935316,15,0,9.966,28.133,73003,221729,4
1077,351580051706832,1634851364,1634851686,322,-32.7923766,-71.1920283,15,0,9.959,28.134,73003,221729,4
1077,351580051706832,1634851375,1634851686,311,-32.7910300,-71.1905850,15,0,9.959,28.102,73003,221729,4
1077,351580051706832,1634851382,1634851686,304,-32.7903766,-71.1895500,15,0,9.962,28.099,73003,221729,4
1077,351580051706832,1634851388,1634851686,298,-32.7903733,-71.1884600,15,0,9.964,28.117,73003,221729,4
1077,351580051706832,1634851395,1634851686,291,-32.7909416,-71.1872616,14,0,9.963,28.066,73003,221729,4
1077,351580051706832,1634851404,1634851686,282,-32.7918883,-71.1854350,11,0,9.967,28.099,73003,221729,4
1077,351580051706832,1634851410,1634851690,280,-32.7924099,-71.1841800,12,0,9.962,28.114,73003,221729,4
1077,351580051706832,1634851421,1634851690,269,-32.7925950,-71.1818300,12,0,9.965,28.090,73003,221729,4
1077,351580051706832,1634851430,1634851690,260,-32.7922400,-71.1797349,14,0,9.958,28.118,73003,221729,4
1077,351580051706832,1634851439,1634851690,251,-32.7918666,-71.1775550,15,0,9.969,28.097,73003,221729,4
1077,351580051706832,1634851448,1634851690,242,-32.7914966,-71.1753866,16,0,9.967,28.077,73003,221729,4
1077,351580051706832,1634851457,1634851690,233,-32.7910833,-71.1732383,15,0,9.964,28.081,73003,221729,4
1077,351580051706832,1634851466,1634851695,229,-32.7903166,-71.1712633,16,0,9.966,28.107,73003,221729,4
1077,351580051706832,1634851468,1634851695,227,-32.7901016,-71.1708883,16,0,9.962,28.090,73003,221729,4
1077,351580051706832,1634851470,1634851695,225,-32.7898850,-71.1705533,17,0,9.970,28.114,73003,221729,4
1077,351580051706832,1634851473,1634851695,222,-32.7895616,-71.1701233,17,0,9.964,28.103,73003,221729,4
1077,351580051706832,1634851485,1634851695,210,-32.7882416,-71.1686100,17,0,9.964,28.109,73003,221729,4
1077,351580051706832,1634851490,1634851695,205,-32.7877283,-71.1680150,17,0,9.966,28.114,73003,221729,4
1077,351580051706832,1634851492,1634851700,208,-32.7875366,-71.1678000,17,0,9.967,28.103,73003,221729,4
1077,351580051706832,1634851498,1634851700,202,-32.7870900,-71.1671683,17,0,9.961,28.113,73003,221729,4
1077,351580051706832,1634851502,1634851700,198,-32.7870316,-71.1666566,17,0,9.965,28.091,73003,221729,4
1077,351580051706832,1634851506,1634851700,194,-32.7872783,-71.1660616,17,0,9.962,28.119,73003,221729,4
1077,351580051706832,1634851511,1634851700,189,-32.7876649,-71.1657766,17,0,9.957,28.105,73003,221729,4
1077,351580051706832,1634851516,1634851700,184,-32.7881966,-71.1657833,17,0,9.960,28.099,73003,221729,4
1077,351580051706832,1634851521,1634851705,184,-32.7886400,-71.1661300,17,0,9.966,28.106,73003,221729,4
1077,351580051706832,1634851526,1634851705,179,-32.7888400,-71.1666683,17,0,9.967,28.137,73003,221729,4
1077,351580051706832,1634851532,1634851705,173,-32.7887533,-71.1672833,17,0,9.960,28.082,73003,0,0
1077,351580051706832,1634851536,1634851705,169,-32.7885200,-71.1676366,17,0,9.962,28.058,73003,0,0
1077,351580051706832,1634851539,1634851705,166,-32.7882883,-71.1679266,17,0,9.963,28.085,73003,0,0
1077,351580051706832,1634851541,1634851705,164,-32.7881116,-71.1681483,16,0,9.962,28.134,73003,0,0
1077,351580051706832,1634851545,1634851713,168,-32.7877450,-71.1686350,16,0,9.964,28.114,73003,0,0
1077,351580051706832,1634851549,1634851713,164,-32.7873200,-71.1691566,16,0,9.965,28.077,73003,0,0
1077,351580051706832,1634851552,1634851713,161,-32.7869783,-71.1695800,16,0,9.972,28.085,0,0,0
1077,351580051706832,1634851559,1634851713,154,-32.7861050,-71.1706500,16,0,9.971,28.098,0,0,5
1077,351580051706832,1634851563,1634851713,150,-32.7855700,-71.1713033,16,0,9.962,28.089,0,0,5
1077,351580051706832,1634851568,1634851713,145,-32.7848550,-71.1721650,16,0,9.959,28.089,0,0,4
1077,351580051706832,1634851573,1634851719,146,-32.7841000,-71.1730900,16,0,9.961,28.113,0,0,4
1077,351580051706832,1634851577,1634851719,142,-32.7834616,-71.1738666,16,0,9.967,27.938,0,0,4
1077,351580051706832,1634851585,1634851719,134,-32.7821300,-71.1754900,17,0,9.967,28.099,0,0,5
1077,351580051706832,1634851593,1634851719,126,-32.7807583,-71.1771616,16,0,9.965,28.109,0,0,5
1077,351580051706832,1634851601,1634851719,118,-32.7793916,-71.1788366,16,0,9.966,28.099,0,0,5
1077,351580051706832,1634851609,1634851719,110,-32.7780266,-71.1805016,16,0,9.970,28.080,0,0,5
1077,351580051706832,1634851617,1634851727,110,-32.7766566,-71.1821750,16,0,9.964,28.113,0,222010,5
1077,351580051706832,1634851625,1634851727,102,-32.7752933,-71.1838483,16,0,9.962,28.097,73001,33254684,4
1077,351580051706832,1634851633,1634851727,94,-32.7739266,-71.1855200,16,0,9.962,28.110,73001,33229879,4
1077,351580051706832,1634851641,1634851727,86,-32.7725616,-71.1871866,16,0,9.967,28.089,73001,33229879,4
1077,351580051706832,1634851649,1634851727,78,-32.7711883,-71.1888616,16,0,9.968,28.110,73001,33229879,4
1077,351580051706832,1634851657,1634851727,70,-32.7698383,-71.1905133,16,0,9.968,28.124,73001,33229879,4
1077,351580051706832,1634851662,1634851738,76,-32.7690600,-71.1914666,16,0,9.963,28.112,73001,33254687,4
1077,351580051706832,1634851671,1634851738,67,-32.7675616,-71.1929183,16,0,9.967,28.048,73001,33254687,4
1077,351580051706832,1634851680,1634851738,58,-32.7656416,-71.1934550,16,0,9.970,28.091,73001,33254687,4
1077,351580051706832,1634851688,1634851738,50,-32.7638266,-71.1937783,16,0,9.968,28.109,73001,33254687,4
1077,351580051706832,1634851695,1634851738,43,-32.7621666,-71.1940750,17,0,9.963,28.112,73001,33254687,4
1077,351580051706832,1634851703,1634851738,35,-32.7602233,-71.1944333,17,0,9.964,28.112,73001,33254687,4
1077,351580051706832,1634851711,1634851743,32,-32.7582833,-71.1948083,16,0,9.966,28.086,73001,33254687,4
1077,351580051706832,1634851719,1634851743,24,-32.7563416,-71.1951900,16,0,9.968,28.102,73001,33254687,5
1077,351580051706832,1634851727,1634851743,16,-32.7544100,-71.1955450,17,0,9.961,28.131,73001,33254687,5
1077,351580051706832,1634851735,1634851743,8,-32.7524833,-71.1958983,16,0,9.966,28.102,73001,33254686,5
1077,351580051706832,1634851743,1634851748,5,-32.7505499,-71.1962166,17,0,9.964,28.123,73001,33254686,4
1077,351580051706832,1634851748,1634851754,6,-32.7493633,-71.1964416,16,0,9.964,28.102,73001,33254686,4
1077,351580051706832,1634851756,1634851763,7,-32.7475833,-71.1968349,15,0,9.962,28.083,73001,33254686,4
1077,351580051706832,1634851765,1634851774,9,-32.7456000,-71.1972666,16,0,9.969,28.112,73001,33254686,4
1077,351580051706832,1634851774,1634851780,6,-32.7436483,-71.1976700,16,0,9.968,28.088,73001,33254686,4
1077,351580051706832,1634851782,1634851791,9,-32.7418416,-71.1979933,17,0,9.968,28.046,73001,33254686,4
1077,351580051706832,1634851789,1634851796,7,-32.7402816,-71.1982966,17,0,9.969,28.110,73001,33254686,4
1077,351580051706832,1634851798,1634851809,11,-32.7383433,-71.1988250,16,0,9.972,28.107,73001,33254686,4
1077,351580051706832,1634851806,1634851814,8,-32.7365616,-71.1993750,17,0,9.964,28.095,73001,33254686,4
1077,351580051706832,1634851813,1634851821,8,-32.7346833,-71.1999566,16,0,9.970,28.100,73001,33254686,4
1077,351580051706832,1634851822,1634851833,11,-32.7328366,-71.2005233,16,0,9.968,28.058,73001,33254686,4
1077,351580051706832,1634851830,1634851838,8,-32.7309283,-71.2010933,16,0,9.969,28.127,73001,33254686,4
1077,351580051706832,1634851837,1634851845,8,-32.7292850,-71.2016050,17,0,9.968,28.140,73001,33254686,4
1077,351580051706832,1634851839,1634851845,6,-32.7288500,-71.2017400,17,0,9.963,28.078,73001,33254686,4
1077,351580051706832,1634851848,1634851856,8,-32.7269416,-71.2023816,17,0,9.975,28.075,73001,33254688,4
1077,351580051706832,1634851856,1634851861,5,-32.7251683,-71.2029283,17,0,9.973,28.061,73001,33254686,4
1077,351580051706832,1634851864,1634851873,9,-32.7233283,-71.2034650,17,0,9.964,28.090,73001,33254686,3
1077,351580051706832,1634851872,1634851877,5,-32.7214050,-71.2038100,18,0,9.975,28.099,73001,33254686,3
1077,351580051706832,1634851880,1634851885,5,-32.7194750,-71.2040916,18,0,9.964,28.086,73001,33280386,3
1077,351580051706832,1634851888,1634851899,11,-32.7175416,-71.2043700,18,0,9.969,28.114,73001,33280386,3
1077,351580051706832,1634851896,1634851918,22,-32.7155966,-71.2046033,18,0,9.964,28.100,73001,33280386,3
1077,351580051706832,1634851903,1634851918,15,-32.7136550,-71.2048716,18,0,9.971,28.093,73001,33279307,3
1077,351580051706832,1634851912,1634851918,6,-32.7117200,-71.2051450,18,0,9.967,28.105,73001,33279308,3
1077,351580051706832,1634851920,1634851927,7,-32.7097816,-71.2054183,18,0,9.972,28.080,73001,33279308,3
1077,351580051706832,1634851928,1634851933,5,-32.7078433,-71.2056916,18,0,9.970,28.098,73001,33279308,4
1077,351580051706832,1634851936,1634851952,16,-32.7059100,-71.2059633,18,0,9.971,28.071,73001,33279308,4
1077,351580051706832,1634851944,1634851967,23,-32.7039733,-71.2062350,18,0,9.976,28.074,73001,33279308,4
1077,351580051706832,1634851952,1634851967,15,-32.7020383,-71.2065133,18,0,9.968,28.069,73001,33279308,5
1077,351580051706832,1634851960,1634851967,7,-32.7001000,-71.2067900,18,0,9.966,28.075,73001,33279308,5
1077,351580051706832,1634851968,1634851972,4,-32.6981600,-71.2070700,18,0,9.965,28.107,73001,33279307,5
1077,351580051706832,1634851976,1634851984,8,-32.6962233,-71.2074366,18,0,9.966,28.108,73001,33279307,5
1077,351580051706832,1634851984,1634851989,5,-32.6943133,-71.2078783,18,0,9.973,28.121,73001,33279307,5
1077,351580051706832,1634851992,1634852000,8,-32.6924233,-71.2083150,18,0,9.966,28.083,73001,33279307,5
1077,351580051706832,1634851999,1634852004,5,-32.6905250,-71.2087583,18,0,9.968,28.082,73001,33279307,5
1077,351580051706832,1634852008,1634852016,8,-32.6886966,-71.2092283,18,0,9.967,28.057,73001,33247987,5
1077,351580051706832,1634852017,1634852028,11,-32.6864666,-71.2097650,18,0,9.970,28.082,73001,33279306,4
1077,351580051706832,1634852023,1634852028,5,-32.6852850,-71.2100183,18,0,9.972,28.086,73001,33279306,4
1077,351580051706832,1634852031,1634852042,11,-32.6833866,-71.2104250,18,0,9.975,28.091,73001,33279306,4
1077,351580051706832,1634852039,1634852047,8,-32.6815349,-71.2108516,18,0,9.971,28.073,73001,33280386,4
1077,351580051706832,1634852047,1634852051,4,-32.6796650,-71.2112866,18,0,9.969,28.085,73001,33279306,4
1077,351580051706832,1634852055,1634852065,10,-32.6778516,-71.2117116,17,0,9.977,28.104,73001,33279306,4
1077,351580051706832,1634852064,1634852071,7,-32.6758716,-71.2121733,17,0,9.970,28.096,73001,33247987,4
1077,351580051706832,1634852071,1634852078,7,-32.6744000,-71.2125183,18,0,9.980,28.091,73001,33280386,4
1077,351580051706832,1634852074,1634852083,9,-32.6738050,-71.2126500,18,0,9.964,28.120,73001,33280386,4
1077,351580051706832,1634852076,1634852083,7,-32.6734366,-71.2127250,18,0,9.969,28.102,73001,33250208,4
1077,351580051706832,1634852078,1634852083,5,-32.6730933,-71.2127916,18,0,9.973,28.070,73001,33250208,4
1077,351580051706832,1634852080,1634852087,7,-32.6727900,-71.2128550,18,0,9.977,28.107,73001,33250208,4
1077,351580051706832,1634852081,1634852087,6,-32.6726550,-71.2128850,18,0,9.973,28.105,73001,33247987,4
1077,351580051706832,1634852083,1634852087,4,-32.6724166,-71.2129400,18,0,9.968,28.088,73001,33247987,4
1077,351580051706832,1634852085,1634852091,6,-32.6722150,-71.2129783,18,0,9.969,28.109,73001,33247987,4
1077,351580051706832,1634852090,1634852095,5,-32.6717566,-71.2128216,18,0,9.967,28.094,73001,33280386,4
1077,351580051706832,1634852092,1634852095,3,-32.6717266,-71.2126316,18,0,9.968,27.958,73001,33280386,4
1077,351580051706832,1634852098,1634852123,25,-32.6716583,-71.2121066,18,0,9.972,28.098,73001,33280386,4
1077,351580051706832,1634852100,1634852123,23,-32.6716083,-71.2118633,18,0,9.967,28.118,73001,33280386,4
1077,351580051706832,1634852103,1634852123,20,-32.6715200,-71.2114450,18,0,9.973,28.058,73001,33280386,4
1077,351580051706832,1634852108,1634852123,15,-32.6713616,-71.2106666,18,0,9.969,28.095,73001,33250208,4
1077,351580051706832,1634852112,1634852123,11,-32.6712183,-71.2099750,18,0,9.968,28.106,73001,33250208,4
1077,351580051706832,1634852116,1634852123,7,-32.6710566,-71.2092150,18,0,9.969,28.110,73001,33250208,4
1077,351580051706832,1634852122,1634852128,6,-32.6708000,-71.2079833,18,0,9.973,28.078,73001,33250208,4
1077,351580051706832,1634852128,1634852133,5,-32.6705016,-71.2066783,18,0,9.974,28.102,73001,33250208,4
1077,351580051706832,1634852138,1634852145,7,-32.6700066,-71.2044783,17,0,9.969,28.068,73001,33250208,4
1077,351580051706832,1634852148,1634852157,9,-32.6694033,-71.2023233,17,0,9.972,28.093,73001,33250208,4
1077,351580051706832,1634852158,1634852168,10,-32.6680950,-71.2007016,16,0,9.970,28.086,73001,33247986,4
1077,351580051706832,1634852168,1634852173,5,-32.6663133,-71.2001233,16,0,9.971,28.074,73001,33247986,2
1077,351580051706832,1634852174,1634852180,6,-32.6652066,-71.2002533,15,0,9.976,28.111,73001,33247986,2
1077,351580051706832,1634852177,1634852186,9,-32.6647000,-71.2003233,15,0,9.976,28.090,73001,33247986,2
1077,351580051706832,1634852184,1634852193,9,-32.6635083,-71.2004750,15,0,9.974,28.095,73001,33247986,2
1077,351580051706832,1634852195,1634852207,12,-32.6615533,-71.2007066,15,0,9.971,28.086,73001,33247986,3
1077,351580051706832,1634852205,1634852214,9,-32.6597233,-71.2004950,15,0,9.973,28.115,73001,33247986,3
1077,351580051706832,1634852215,1634852221,6,-32.6580216,-71.1994683,15,0,9.969,28.091,73001,33247986,3
1077,351580051706832,1634852225,1634852235,10,-32.6565866,-71.1979900,15,0,9.971,28.079,73001,33247986,4
1077,351580051706832,1634852235,1634852240,5,-32.6550100,-71.1963800,15,0,9.976,28.124,73001,33247986,4
1077,351580051706832,1634852246,1634852252,6,-32.6535633,-71.1949183,15,0,9.969,28.124,73001,33247986,4
1077,351580051706832,1634852256,1634852263,7,-32.6521316,-71.1934500,15,0,9.972,28.136,73001,33247986,3
1077,351580051706832,1634852266,1634852275,9,-32.6506966,-71.1919833,15,0,9.969,28.094,73001,33247986,3
1077,351580051706832,1634852276,1634852281,5,-32.6492583,-71.1905183,15,0,9.970,28.095,73001,33247986,3
1077,351580051706832,1634852286,1634852294,8,-32.6480833,-71.1887700,15,0,9.975,28.109,73001,33247986,2
1077,351580051706832,1634852296,1634852307,11,-32.6475833,-71.1866016,15,0,9.978,28.102,73001,33247986,2
1077,351580051706832,1634852306,1634852311,5,-32.6472616,-71.1844000,15,0,9.975,28.100,73001,33247986,2
1077,351580051706832,1634852316,1634852322,6,-32.6469266,-71.1822016,15,0,9.976,28.102,73001,33247986,2
1077,351580051706832,1634852325,1634852335,10,-32.6465950,-71.1799816,15,0,9.970,28.085,73001,33247986,2
1077,351580051706832,1634852335,1634852340,5,-32.6462766,-71.1777583,15,0,9.971,28.114,73001,33250206,2
1077,351580051706832,1634852346,1634852436,90,-32.6463850,-71.1755500,15,0,9.976,28.092,73001,33247986,2
1077,351580051706832,1634852356,1634852436,80,-32.6471466,-71.1735033,15,0,9.974,28.091,0,33250203,2
1077,351580051706832,1634852366,1634852436,70,-32.6480850,-71.1716083,15,0,9.971,28.107,0,0,2
1077,351580051706832,1634852368,1634852436,68,-32.6482416,-71.1712883,15,0,9.981,27.989,0,0,2
1077,351580051706832,1634852381,1634852436,55,-32.6491766,-71.1693750,14,0,9.974,28.117,0,0,2
1077,351580051706832,1634852387,1634852436,49,-32.6495883,-71.1685383,15,0,9.974,28.151,0,0,1
1077,351580051706832,1634852397,1634852444,47,-32.6502083,-71.1672750,14,0,9.979,28.107,73001,33250203,0
1077,351580051706832,1634852402,1634852444,42,-32.6505066,-71.1667000,14,0,9.973,28.067,73001,33250203,0
1077,351580051706832,1634852405,1634852444,39,-32.6506916,-71.1664150,14,0,9.968,28.012,73001,33250203,0
1077,351580051706832,1634852419,1634852444,25,-32.6516150,-71.1653866,12,0,9.977,28.083,73001,33250203,0
1077,351580051706832,1634852423,1634852444,21,-32.6518766,-71.1651050,12,0,9.976,28.114,73001,33250203,0
1077,351580051706832,1634852424,1634852444,20,-32.6519166,-71.1650550,12,0,9.977,28.072,73001,33250203,0
1077,351580051706832,1634852428,1634852452,24,-32.6520533,-71.1648833,12,0,9.980,28.081,73001,33250203,0
1077,351580051706832,1634852432,1634852452,20,-32.6521450,-71.1647616,13,0,9.976,28.070,73001,33250203,1
1077,351580051706832,1634852436,1634852452,16,-32.6521766,-71.1647066,13,0,9.980,27.842,73001,33250203,1
1077,351580051706832,1634852466,1634852477,11,-32.6522500,-71.1646100,13,0,9.977,28.065,73001,33250203,1
1077,351580051706832,1634852471,1634852477,6,-32.6523250,-71.1645133,13,0,9.976,27.978,73001,33250203,1
1077,351580051706832,1634852525,1634852533,8,-32.6523600,-71.1644733,14,0,9.975,28.027,73001,33250203,0
1077,351580051706832,1634852535,1634852544,9,-32.6525016,-71.1642466,14,0,9.984,28.039,73001,33250203,0
1077,351580051706832,1634852540,1634852544,4,-32.6526250,-71.1640483,14,0,9.978,28.047,73001,33250203,0
1077,351580051706832,1634852544,1634852556,12,-32.6527450,-71.1638616,14,0,9.978,28.017,73001,33250203,0
1077,351580051706832,1634852546,1634852556,10,-32.6528316,-71.1637316,14,0,9.981,28.025,73001,33250203,0
1077,351580051706832,1634852550,1634852562,12,-32.6530233,-71.1634200,14,0,9.978,28.019,73001,33250203,0
1077,351580051706832,1634852570,1634852581,11,-32.6539500,-71.1615616,14,0,9.974,28.058,73001,33250203,1
1077,351580051706832,1634852593,1634853255,662,-32.6552250,-71.1599766,15,0,9.978,28.006,73001,33250203,4
1077,351580051706832,1634852615,1634853255,640,-32.6566116,-71.1584883,15,0,9.980,28.042,73001,33250203,4
1077,351580051706832,1634852635,1634853255,620,-32.6581500,-71.1572916,15,0,9.970,28.060,73001,33250203,4
1077,351580051706832,1634852645,1634853255,610,-32.6588050,-71.1565833,15,0,9.979,28.067,73001,33250203,4
1077,351580051706832,1634852654,1634853255,601,-32.6589650,-71.1557850,15,0,9.979,28.089,73001,33250203,4
1077,351580051706832,1634852678,1634853255,577,-32.6587883,-71.1536333,15,0,9.980,28.064,73001,33250203,4
1077,351580051706832,1634852702,1634853259,557,-32.6585983,-71.1514516,15,0,9.980,28.046,73001,33250203,4
1077,351580051706832,1634852725,1634853259,534,-32.6583950,-71.1492583,15,0,9.975,28.046,73001,33250203,4
1077,351580051706832,1634852748,1634853259,511,-32.6582816,-71.1470333,14,0,9.983,28.087,73001,33250203,4
1077,351580051706832,1634852754,1634853259,505,-32.6581366,-71.1465233,14,0,9.979,28.058,73001,33250203,4
1077,351580051706832,1634852779,1634853259,480,-32.6571516,-71.1448633,15,0,9.978,28.047,73001,33250203,4
1077,351580051706832,1634852786,1634853259,473,-32.6569033,-71.1444616,15,0,9.978,28.052,73001,33250203,4
1077,351580051706832,1634852795,1634853264,469,-32.6565233,-71.1439050,14,0,9.984,28.065,73001,33250203,4
1077,351580051706832,1634852798,1634853264,466,-32.6563116,-71.1438816,15,0,9.979,28.038,73001,33250203,4
1077,351580051706832,1634852811,1634853264,453,-32.6551583,-71.1439816,14,0,9.976,28.066,73001,33250203,4
1077,351580051706832,1634852815,1634853264,449,-32.6548166,-71.1438316,14,0,9.973,28.048,73001,33250203,4
1077,351580051706832,1634852833,1634853264,431,-32.6540283,-71.1419216,14,0,9.980,28.050,73001,33250203,4
1077,351580051706832,1634852853,1634853264,411,-32.6534483,-71.1397916,14,0,9.972,28.055,73001,33250203,4
1077,351580051706832,1634852863,1634853271,408,-32.6530533,-71.1385449,14,0,9.980,28.055,73001,33250203,4
1077,351580051706832,1634852869,1634853271,402,-32.6529083,-71.1378733,14,0,9.975,28.010,73001,33250203,4
1077,351580051706832,1634852874,1634853271,397,-32.6529933,-71.1374600,14,0,9.976,28.056,73001,33250203,4
1077,351580051706832,1634852879,1634853271,392,-32.6531616,-71.1370333,14,0,9.984,28.043,73001,33250203,4
1077,351580051706832,1634852888,1634853271,383,-32.6532800,-71.1364133,14,0,9.979,28.056,73001,33250203,4
1077,351580051706832,1634852894,1634853271,377,-32.6531983,-71.1359116,14,0,9.975,28.060,73001,33250203,4
1077,351580051706832,1634852903,1634853278,375,-32.6528966,-71.1350750,12,0,9.980,28.073,73001,33250203,4
1077,351580051706832,1634852923,1634853278,355,-32.6521633,-71.1331016,14,0,9.978,28.092,73001,33250203,4
1077,351580051706832,1634852925,1634853278,353,-32.6521083,-71.1329200,14,0,9.976,28.048,73001,33250203,4
1077,351580051706832,1634852936,1634853278,342,-32.6519050,-71.1319916,14,0,9.974,28.068,73001,33250203,4
1077,351580051706832,1634852937,1634853278,341,-32.6519483,-71.1319416,14,0,9.980,28.058,73001,33250203,4
1077,351580051706832,1634852939,1634853278,339,-32.6520850,-71.1319216,14,0,9.979,28.060,73001,33250203,4
1077,351580051706832,1634852941,1634853283,342,-32.6522083,-71.1320316,14,0,9.978,28.097,73001,33250203,4
1077,351580051706832,1634852946,1634853283,337,-32.6523333,-71.1324800,14,0,9.983,28.098,73001,33250203,4
1077,351580051706832,1634852967,1634853283,316,-32.6533366,-71.1343066,14,0,9.982,28.103,73001,33250203,4
1077,351580051706832,1634852972,1634853283,311,-32.6535683,-71.1346766,15,0,9.978,28.072,73001,33250203,4
1077,351580051706832,1634852976,1634853283,307,-32.6537050,-71.1350316,15,0,9.980,28.050,73001,33250203,4
1077,351580051706832,1634852978,1634853283,305,-32.6537433,-71.1351250,14,0,9.979,27.829,73001,33250203,4
1077,351580051706832,1634852980,1634853293,313,-32.6537700,-71.1351850,13,0,9.976,27.901,73001,33250203,4
1077,351580051706832,1634852983,1634853293,310,-32.6537833,-71.1352200,13,0,9.979,27.897,73001,33250203,4
1077,351580051706832,1634853058,1634853293,235,-32.6537983,-71.1352516,14,0,9.975,28.073,73001,33250203,4
1077,351580051706832,1634853062,1634853293,231,-32.6538466,-71.1353433,14,0,9.979,28.027,73001,33250203,4
1077,351580051706832,1634853068,1634853293,225,-32.6539466,-71.1354633,14,0,9.977,28.058,73001,33250203,4
1077,351580051706832,1634853077,1634853293,216,-32.6541250,-71.1355683,14,0,9.979,28.034,73001,33250203,4
1077,351580051706832,1634853084,1634853298,214,-32.6542249,-71.1357249,14,0,9.984,27.962,73001,0,0
1077,351580051706832,1634853087,1634853298,211,-32.6542466,-71.1357633,14,0,9.978,28.036,73001,0,0
1077,351580051706832,1634853102,1634853298,196,-32.6542750,-71.1358016,14,0,9.975,28.048,73001,0,0
1077,351580051706832,1634853105,1634853298,193,-32.6543166,-71.1358883,14,0,9.979,28.015,73001,0,0
1077,351580051706832,1634853108,1634853298,190,-32.6543750,-71.1360216,14,0,9.979,28.008,0,0,0
1077,351580051706832,1634853110,1634853298,188,-32.6544300,-71.1361466,14,0,9.978,28.015,0,0,0
1077,351580051706832,1634853112,1634853304,192,-32.6545000,-71.1363049,14,0,9.976,28.036,0,0,0
1077,351580051706832,1634853117,1634853304,187,-32.6546750,-71.1367150,14,0,9.979,27.979,0,0,0
1077,351580051706832,1634853127,1634853304,177,-32.6550166,-71.1372466,14,0,9.978,28.022,0,0,0
1077,351580051706832,1634853134,1634853304,170,-32.6553966,-71.1374500,14,0,9.979,28.042,0,0,0
1077,351580051706832,1634853159,1634853304,145,-32.6569766,-71.1380850,16,0,9.973,28.036,0,0,0
1077,351580051706832,1634853165,1634853304,139,-32.6571900,-71.1384850,16,0,9.979,27.993,0,0,0
1077,351580051706832,1634853175,1634853308,133,-32.6573533,-71.1390466,16,0,9.983,27.975,0,0,0
1077,351580051706832,1634853179,1634853308,129,-32.6574850,-71.1391883,16,0,9.977,27.658,0,0,0
1077,351580051706832,1634853181,1634853308,127,-32.6575250,-71.1392250,16,0,9.980,27.836,0,0,0
1077,351580051706832,1634853186,1634853308,122,-32.6575850,-71.1392483,15,0,9.981,28.025,0,0,0
1077,351580051706832,1634853188,1634853308,120,-32.6576300,-71.1392433,15,0,9.983,28.050,0,0,0
1077,351580051706832,1634853191,1634853308,117,-32.6577100,-71.1391766,14,0,9.979,28.070,0,0,0
1077,351580051706832,1634853194,1634853313,119,-32.6577833,-71.1390516,13,0,9.978,27.988,0,0,0
1077,351580051706832,1634853210,1634853313,103,-32.6583300,-71.1381350,13,0,9.977,28.045,0,0,0
1077,351580051706832,1634853227,1634853313,86,-32.6589633,-71.1367816,12,0,9.977,28.050,0,0,0
1077,351580051706832,1634853250,1634853313,63,-32.6600700,-71.1350600,12,0,9.980,28.042,73002,2451240,2
1077,351580051706832,1634853253,1634853313,60,-32.6599633,-71.1348416,11,0,9.981,28.020,73002,2451240,2
1077,351580051706832,1634853257,1634853313,56,-32.6596883,-71.1347416,13,0,9.979,27.995,73002,2451240,2
1077,351580051706832,1634853262,1634853331,69,-32.6592750,-71.1346933,14,0,9.975,28.007,73002,2451240,2
1077,351580051706832,1634853284,1634853331,47,-32.6574633,-71.1341516,16,0,9.979,28.013,73002,2451243,3
1077,351580051706832,1634853288,1634853331,43,-32.6571683,-71.1340666,16,0,9.983,28.040,73002,2441717,3
1077,351580051706832,1634853290,1634853331,41,-32.6570966,-71.1338933,15,0,9.978,28.017,73002,2441717,3
1077,351580051706832,1634853292,1634853331,39,-32.6571466,-71.1336766,14,0,9.978,28.038,73002,2441717,3
1077,351580051706832,1634853297,1634853331,34,-32.6573516,-71.1333800,14,0,9.977,28.033,73002,2441717,3
1077,351580051706832,1634853316,1634853339,23,-32.6585733,-71.1325700,15,0,9.979,28.045,73002,2441717,4
1077,351580051706832,1634853323,1634853339,16,-32.6590200,-71.1326700,15,0,9.979,28.048,73002,2441717,4
1077,351580051706832,1634853341,1634853351,10,-32.6601183,-71.1331516,15,0,9.978,28.068,73002,2451243,2
1077,351580051706832,1634853355,1634853522,167,-32.6608433,-71.1327283,16,0,9.979,28.008,73002,2439643,2
1077,351580051706832,1634853371,1634853522,151,-32.6616583,-71.1320350,16,0,9.978,28.049,73002,2439643,1
1077,351580051706832,1634853398,1634853522,124,-32.6631716,-71.1308750,15,0,9.971,28.036,73002,2451243,1
1077,351580051706832,1634853400,1634853522,122,-32.6633050,-71.1308433,16,0,9.982,27.966,73002,2451243,1
1077,351580051706832,1634853403,1634853522,119,-32.6635000,-71.1309516,15,0,9.979,28.028,73002,2451243,1
1077,351580051706832,1634853406,1634853522,116,-32.6636000,-71.1311816,15,0,9.976,28.039,73002,2451243,1
1077,351580051706832,1634853433,1634853526,93,-32.6638516,-71.1333833,17,0,9.974,28.032,73002,2451240,1
1077,351580051706832,1634853453,1634853526,73,-32.6636916,-71.1352400,14,0,9.976,28.056,73002,2451240,1
1077,351580051706832,1634853478,1634853526,48,-32.6627983,-71.1371500,16,0,9.980,28.036,73002,8226695,1
1077,351580051706832,1634853482,1634853526,44,-32.6628733,-71.1374050,18,0,9.982,28.047,73002,8226695,2
1077,351580051706832,1634853485,1634853526,41,-32.6630583,-71.1375666,18,0,9.974,28.056,73002,2451243,2
1077,351580051706832,1634853488,1634853526,38,-32.6632900,-71.1375900,18,0,9.967,28.023,73002,2451243,2
1077,351580051706832,1634853501,1634853532,31,-32.6642816,-71.1368733,16,0,9.979,28.017,73002,2451243,2
1077,351580051706832,1634853514,1634853532,18,-32.6648150,-71.1358583,14,0,9.974,28.005,73002,2451243,5
1077,351580051706832,1634853537,1634853544,7,-32.6649666,-71.1337266,17,0,9.983,28.004,73002,2451243,5
1077,351580051706832,1634853558,1634853565,7,-32.6653166,-71.1316033,16,0,9.976,27.996,73002,2451243,2
1077,351580051706832,1634853578,1634853583,5,-32.6655650,-71.1294866,16,0,9.982,27.935,73002,2441717,2
1077,351580051706832,1634853586,1634853596,10,-32.6656199,-71.1286550,16,0,9.970,27.985,73002,2441717,2
1077,351580051706832,1634853602,1634853610,8,-32.6652616,-71.1271133,16,0,9.975,27.913,73002,2441717,2
1077,351580051706832,1634853610,1634853618,8,-32.6648050,-71.1266216,16,0,9.977,28.007,73002,2439643,3
1077,351580051706832,1634853614,1634853622,8,-32.6644983,-71.1266150,16,0,9.981,27.946,73002,2439643,3
1077,351580051706832,1634853633,1634853640,7,-32.6631566,-71.1269216,16,0,9.977,27.994,73002,2451243,4
1077,351580051706832,1634853647,1634853654,7,-32.6620450,-71.1274816,15,0,9.971,28.009,73002,2451243,4
1077,351580051706832,1634853657,1634853667,10,-32.6613800,-71.1279349,16,0,9.977,28.000,73002,2451243,4
1077,351580051706832,1634853662,1634853667,5,-32.6609866,-71.1278033,16,0,9.978,28.015,73002,2451243,3
1077,351580051706832,1634853675,1634853687,12,-32.6599000,-71.1274100,16,0,9.973,28.009,73002,2451243,3
1077,351580051706832,1634853684,1634853691,7,-32.6591733,-71.1272683,16,0,9.972,28.018,73002,2451243,3
1077,351580051706832,1634853688,1634853691,3,-32.6589716,-71.1269566,17,0,9.975,27.994,73002,2451243,3
1077,351580051706832,1634853692,1634853743,51,-32.6589450,-71.1265566,17,0,9.976,28.007,73002,2451243,2
1077,351580051706832,1634853699,1634853743,44,-32.6592183,-71.1259050,17,0,9.978,28.022,73002,2451243,2
1077,351580051706832,1634853720,1634853743,23,-32.6602433,-71.1240950,13,0,9.970,28.030,0,0,2
1077,351580051706832,1634853741,1634853746,5,-32.6609900,-71.1220683,14,0,9.976,27.999,73002,8207071,5
1077,351580051706832,1634853755,1634853768,13,-32.6609700,-71.1206516,15,0,9.969,27.985,73002,8207071,4
1077,351580051706832,1634853759,1634853768,9,-32.6609100,-71.1203683,16,0,9.974,28.040,73002,8207071,4
1077,351580051706832,1634853761,1634853768,7,-32.6609516,-71.1202433,16,0,9.974,27.988,73002,8207071,4
1077,351580051706832,1634853775,1634853781,6,-32.6615700,-71.1193550,17,0,9.974,28.028,73002,8207072,4
1077,351580051706832,1634853798,1634853805,7,-32.6625816,-71.1176650,12,0,9.979,28.008,73002,8207072,3
1077,351580051706832,1634853803,1634853810,7,-32.6625983,-71.1171433,13,0,9.974,28.000,73002,8207072,3
1077,351580051706832,1634853807,1634853816,9,-32.6624399,-71.1168400,14,0,9.971,28.034,73002,8207072,3
1077,351580051706832,1634853811,1634853816,5,-32.6622383,-71.1166400,15,0,9.974,28.025,73002,8207072,3
1077,351580051706832,1634853818,1634853829,11,-32.6619166,-71.1164650,17,0,9.973,28.018,73002,8207072,2
1077,351580051706832,1634853829,1634853834,5,-32.6615966,-71.1162966,17,0,9.970,28.010,73002,8207072,2
1077,351580051706832,1634853866,1634853873,7,-32.6606783,-71.1158050,18,0,9.976,27.991,73002,8207072,3
1077,351580051706832,1634853892,1634853898,6,-32.6596216,-71.1152533,18,0,9.966,27.983,73002,8207072,3
1077,351580051706832,1634853896,1634853972,76,-32.6595566,-71.1152050,18,0,9.971,27.817,73002,8207072,3
1077,351580051706832,1634853897,1634853972,75,-32.6595500,-71.1151983,18,0,9.971,27.717,73002,8207072,3
1077,351580051706832,1634853901,1634853972,71,-32.6595250,-71.1151766,18,0,9.965,28.026,73002,8207071,3
1077,351580051706832,1634853904,1634853972,68,-32.6594950,-71.1150983,18,0,9.977,27.995,73002,8207071,3
1077,351580051706832,1634853906,1634853972,66,-32.6594950,-71.1150033,18,0,9.967,27.976,73002,0,3
1077,351580051706832,1634853908,1634853972,64,-32.6595833,-71.1148733,17,0,9.973,27.969,0,0,4
1077,351580051706832,1634853913,1634853976,63,-32.6598600,-71.1147733,17,0,9.970,27.996,0,0,0
1077,351580051706832,1634853925,1634853976,51,-32.6605983,-71.1149666,17,0,9.975,28.001,0,0,0
1077,351580051706832,1634853935,1634853976,41,-32.6614033,-71.1151916,17,0,9.970,28.013,0,0,0
1077,351580051706832,1634853937,1634853976,39,-32.6615083,-71.1151083,17,0,9.968,28.014,0,0,0
1077,351580051706832,1634853939,1634853976,37,-32.6615333,-71.1149666,16,0,9.971,28.006,0,0,0
1077,351580051706832,1634853940,1634853976,36,-32.6614966,-71.1149016,16,0,9.968,27.998,0,0,0
1077,351580051706832,1634853959,1634853981,22,-32.6602816,-71.1142766,18,0,9.972,28.007,73002,8207071,4
1077,351580051706832,1634853966,1634853981,15,-32.6598450,-71.1137983,18,0,9.970,27.997,73002,8207071,4
1077,351580051706832,1634853972,1634853981,9,-32.6597200,-71.1132650,18,0,9.969,27.983,73002,8207071,4
1077,351580051706832,1634853979,1634853985,6,-32.6598750,-71.1127033,18,0,9.970,28.022,73002,8207071,4
1077,351580051706832,1634853982,1634853985,3,-32.6599700,-71.1125333,16,0,9.967,28.004,73002,8207071,4
1077,351580051706832,1634853984,1634853990,6,-32.6600533,-71.1124899,16,0,9.962,27.994,73002,8207071,4
1077,351580051706832,1634853997,1634854003,6,-32.6605983,-71.1125133,17,0,9.973,28.011,73002,8207071,5
1077,351580051706832,1634854001,1634854008,7,-32.6607833,-71.1124833,17,0,9.968,27.749,73002,8207071,5
1077,351580051706832,1634854003,1634854008,5,-32.6608400,-71.1124766,17,0,9.970,28.023,73002,8207071,5
1077,351580051706832,1634854005,1634854013,8,-32.6608683,-71.1124733,17,0,9.968,27.837,73002,8207071,5
1077,351580051706832,1634854010,1634854018,8,-32.6608949,-71.1124783,17,0,9.969,28.026,73002,8207071,5
1077,351580051706832,1634854012,1634854018,6,-32.6609483,-71.1124750,18,0,9.972,28.032,73002,8207071,5
1077,351580051706832,1634854015,1634854023,8,-32.6610333,-71.1124616,18,0,9.974,27.847,73002,8207071,5
1077,351580051706832,1634854016,1634854023,7,-32.6610416,-71.1124616,18,0,9.969,27.777,73002,8207071,5
1077,351580051706832,1634854021,1634854029,8,-32.6610716,-71.1124516,18,0,9.968,28.016,73002,8207071,5
1077,351580051706832,1634854023,1634854029,6,-32.6611316,-71.1124333,18,0,9.970,28.032,73002,8207071,5
1077,351580051706832,1634854032,1634854040,8,-32.6614466,-71.1123833,18,0,9.973,27.966,73002,8207071,5
1077,351580051706832,1634854034,1634854040,6,-32.6614750,-71.1123750,18,0,9.967,27.978,73002,8207071,5

